allele,binder,length,peptide,source,species,log50k,predicted_binder
HLA-A*11:01,1,9,CILGKLFTK,natural,Homo sapiens,0.605084319,1
HLA-A*02:01,1,10,FIASNGVKLV,natural,Homo sapiens,0.526049761,1
HLA-B*35:01,1,9,FPSDSWCYF,natural,Homo sapiens,1.035801569,1
HLA-A*11:01,1,9,AVCPWTWLR,natural,Homo sapiens,0.740422891,1
HLA-A*02:01,1,9,ILDKVLVHL,natural,Homo sapiens,0.539462606,1
HLA-A*02:01,1,9,GLFGDIYLA,natural,Homo sapiens,0.741933674,1
HLA-A*03:01,1,10,KILDAVVAQK,natural,Homo sapiens,0.529052728,1
HLA-A*68:01,1,9,ETVSEQSNV,natural,Homo sapiens,0.031906546,0
HLA-A*02:01,1,10,SLADEAEVYL,natural,Homo sapiens,0.530296521,1
HLA-A*01:01,1,9,YTDFHCQYV,natural,Homo sapiens,0.385909705,0
HLA-A*02:01,1,10,ACDPHSGHFV,natural,Homo sapiens,0.245006586,0
HLA-A*03:01,1,10,TLDWLLQTPK,natural,Homo sapiens,0.622367491,1
HLA-A*24:02,1,9,SYLDSGIHF,natural,Homo sapiens,0.512013641,1
HLA-A*02:01,1,9,ILNAMIAKI,natural,Homo sapiens,0.502432188,1
HLA-A*02:01,1,10,SLFEGIDIYT,natural,Homo sapiens,0.561684455,1
HLA-A*11:01,1,9,KTLTSVFQK,natural,Homo sapiens,0.883274588,1
HLA-A*02:01,1,9,FLDEFMEGV,natural,Homo sapiens,1.019736784,1
HLA-B*44:02,1,9,AEPINIQTW,natural,Homo sapiens,0.540387529,1
HLA-B*44:02,1,9,EEKLIVVLF,natural,Homo sapiens,0.486443629,1
HLA-B*44:02,1,11,SELFRSGLDSY,natural,Homo sapiens,0.244575175,0
HLA-C*06:02,1,9,FRSGLDSYV,natural,Homo sapiens,0.281979159,0
HLA-A*68:01,1,9,EAFIQPITR,natural,Homo sapiens,0.717833957,1
HLA-A*01:01,1,11,FLEGNEVGKTY,natural,Homo sapiens,0.288131326,0
HLA-B*44:02,1,9,KELEGILLL,natural,Homo sapiens,0.219017457,0
HLA-C*14:02,1,8,CYMEAVAL,natural,Homo sapiens,0.372169548,0
HLA-B*07:02,1,9,RPHVPESAF,natural,Homo sapiens,0.728341527,1
HLA-A*01:01,1,10,ILDTAGREEY,natural,Homo sapiens,0.30903822,0
HLA-A*03:01,1,9,KIFSEVTLK,natural,Homo sapiens,0.780533594,1
HLA-B*38:01,1,9,SHETVIIEL,natural,Homo sapiens,0.401275349,0
HLA-B*08:01,1,9,GFKQSSKAL,natural,Homo sapiens,0.213670792,0
HLA-A*03:01,1,9,KINKNPKYK,natural,Homo sapiens,0.614951452,1
HLA-A*02:01,1,9,SSKALQRPV,natural,Homo sapiens,0.084797334,0
HLA-A*02:01,1,9,RIAECILGM,natural,Homo sapiens,0.671892919,1
HLA-A*02:01,1,9,FLIIWQNTM,natural,Homo sapiens,0.699464821,1
HLA-A*02:01,1,9,FLIIWQNTM,natural,Homo sapiens,0.699464821,1
HLA-A*02:01,1,9,FLIIWQNTM,natural,Homo sapiens,0.699464821,1
HLA-A*01:01,1,10,YVDFREYEYY,natural,Homo sapiens,0.590257206,1
HLA-A*02:01,1,10,SLYKFSPFPL,natural,Homo sapiens,0.666397544,1
HLA-A*02:01,1,9,VVMSWAPPV,natural,Homo sapiens,0.813007668,1
HLA-A*02:01,1,9,VVPCEPPEV,natural,Homo sapiens,0.399869401,0
HLA-A*02:01,1,10,LLLDDLLVSI,natural,Homo sapiens,0.676506648,1
HLA-B*35:01,1,9,VVVGAVGVG,natural,Homo sapiens,0.144484461,0
HLA-B*07:02,1,10,QRPYGYDQIM,natural,Homo sapiens,0.183778975,0
HLA-A*02:01,1,9,RLSSCVPVA,natural,Homo sapiens,0.521169106,1
HLA-C*08:02,1,9,GADGVGKSA,natural,Homo sapiens,0.114942298,0
HLA-C*08:02,1,10,GADGVGKSAL,natural,Homo sapiens,0.103191081,0
HLA-A*02:01,1,9,VVPCEPPEV,natural,Homo sapiens,0.399869401,0
HLA-A*11:01,0,8,AVLHAQQA,artificial,random,0.028401333,0
HLA-A*11:01,0,8,PGARHKPF,artificial,random,0.092130496,0
HLA-A*11:01,0,8,APVVALRR,artificial,random,0.021567059,0
HLA-A*11:01,0,8,EGNAGRVG,artificial,random,0.008682413,0
HLA-A*11:01,0,8,SRGGLALR,artificial,random,0.049226473,0
HLA-A*11:01,0,9,ALDTYVVTP,artificial,random,0.209589558,0
HLA-A*11:01,0,9,RPAYAVLLG,artificial,random,0.060181703,0
HLA-A*11:01,0,9,TADSVKAIQ,artificial,random,0.286945559,0
HLA-A*11:01,0,9,SSLATPGAE,artificial,random,0.287446047,0
HLA-A*11:01,0,9,ALESETGPT,artificial,random,0.123412931,0
HLA-A*11:01,0,10,NGGFSGDMPN,artificial,random,0.045480079,0
HLA-A*11:01,0,10,WQKQKRSRVH,artificial,random,0.030824634,0
HLA-A*11:01,0,10,VAAAAAAGLP,artificial,random,0.097969094,0
HLA-A*11:01,0,10,KEGRAYVAHL,artificial,random,0.140378126,0
HLA-A*11:01,0,10,AGGVSSLHDS,artificial,random,0.038770861,0
HLA-A*11:01,0,11,ADDSTVIVGRV,artificial,random,0.033591812,0
HLA-A*11:01,0,11,PVGPLVKARRL,artificial,random,0.027448426,0
HLA-A*11:01,0,11,AQLPPVPAEST,artificial,random,0.055738453,0
HLA-A*11:01,0,11,AAARRTGHVAL,artificial,random,0.106361332,0
HLA-A*11:01,0,11,TYRVALLRARY,artificial,random,0.161883727,0
HLA-A*02:01,0,8,RLITVLGF,artificial,random,0.145215374,0
HLA-A*02:01,0,8,AGKAHVRW,artificial,random,0.06356386,0
HLA-A*02:01,0,8,SVVLSRGV,artificial,random,0.072958151,0
HLA-A*02:01,0,8,PAAGPAAR,artificial,random,0.049991214,0
HLA-A*02:01,0,8,ALDETARL,artificial,random,0.252684508,0
HLA-A*02:01,0,9,YGSFAVVLL,artificial,random,0.179587354,0
HLA-A*02:01,0,9,LPLGLADVA,artificial,random,0.068090976,0
HLA-A*02:01,0,9,DATLRILLN,artificial,random,-0.011870607,0
HLA-A*02:01,0,9,TLALGHRAL,artificial,random,0.245788002,0
HLA-A*02:01,0,9,VAREPTASA,artificial,random,0.054270268,0
HLA-A*02:01,0,10,HTVDGQRQAV,artificial,random,0.170743108,0
HLA-A*02:01,0,10,TWPDVLGQVR,artificial,random,0.080553407,0
HLA-A*02:01,0,10,PGAARAVFPD,artificial,random,0.077090401,0
HLA-A*02:01,0,10,FSDLMLAGAT,artificial,random,0.152313107,0
HLA-A*02:01,0,10,GVTLDGPPTH,artificial,random,0.048630287,0
HLA-A*02:01,0,11,RRAAALHDTER,artificial,random,0.068809471,0
HLA-A*02:01,0,11,RWKSGLVGLVT,artificial,random,0.044342594,0
HLA-A*02:01,0,11,RGDFQDGKLGE,artificial,random,0.038494455,0
HLA-A*02:01,0,11,VRVSKGPTSAV,artificial,random,0.062539275,0
HLA-A*02:01,0,11,IREAAVLDALV,artificial,random,0.082971484,0
HLA-B*35:01,0,8,VMATTVVG,artificial,random,-0.042593144,0
HLA-B*35:01,0,8,GAFGLFEI,artificial,random,0.084303177,0
HLA-B*35:01,0,8,SDRKAAAR,artificial,random,0.025688591,0
HLA-B*35:01,0,8,AVLSVNSD,artificial,random,0.036959162,0
HLA-B*35:01,0,8,QTRQDAGA,artificial,random,-0.033026561,0
HLA-B*35:01,0,9,GRLFEPGGV,artificial,random,0.027641543,0
HLA-B*35:01,0,9,EDINPAYRA,artificial,random,0.039990144,0
HLA-B*35:01,0,9,NALVVRVGL,artificial,random,0.178831679,0
HLA-B*35:01,0,9,RAELSPADL,artificial,random,0.140599986,0
HLA-B*35:01,0,9,IRVLRSREA,artificial,random,0.070512619,0
HLA-B*35:01,0,10,GASERDTIIG,artificial,random,0.01290152,0
HLA-B*35:01,0,10,LPGAGAPDRV,artificial,random,0.205437421,0
HLA-B*35:01,0,10,ADNGRAGVAI,artificial,random,0.144944287,0
HLA-B*35:01,0,10,AHGGYDGVTV,artificial,random,0.0774817,0
HLA-B*35:01,0,10,RVIEDAWRVD,artificial,random,0.053404679,0
HLA-B*35:01,0,11,FDWQLKTAIYL,artificial,random,0.116723442,0
HLA-B*35:01,0,11,GADDDRLFDFA,artificial,random,0.080409336,0
HLA-B*35:01,0,11,APPTLPELECK,artificial,random,-0.026468983,0
HLA-B*35:01,0,11,DSIDYPAAILP,artificial,random,0.044129973,0
HLA-B*35:01,0,11,AARAEYGVDRI,artificial,random,0.040234546,0
HLA-A*03:01,0,8,SKAAGDAE,artificial,random,0.099856443,0
HLA-A*03:01,0,8,ARPSHGFP,artificial,random,0.062486177,0
HLA-A*03:01,0,8,FTQLARVD,artificial,random,0.024942028,0
HLA-A*03:01,0,8,ADAQWREV,artificial,random,0.071319587,0
HLA-A*03:01,0,8,TIGDVLRE,artificial,random,0.096370334,0
HLA-A*03:01,0,9,FGLTYIYAP,artificial,random,0.116531456,0
HLA-A*03:01,0,9,AVHPARDHP,artificial,random,-0.013025216,0
HLA-A*03:01,0,9,GDGVSTPSG,artificial,random,0.053781715,0
HLA-A*03:01,0,9,RDHNREDKT,artificial,random,-0.029430069,0
HLA-A*03:01,0,9,LEVLSHTRM,artificial,random,0.030603632,0
HLA-A*03:01,0,10,GATLNYALGA,artificial,random,0.213445879,0
HLA-A*03:01,0,10,YWRAALLKLG,artificial,random,0.112394169,0
HLA-A*03:01,0,10,GIPPGLFDDR,artificial,random,0.06546853,0
HLA-A*03:01,0,10,PPSYAEPERR,artificial,random,0.024104439,0
HLA-A*03:01,0,10,ETELAIELAR,artificial,random,0.086198137,0
HLA-A*03:01,0,11,AAWLGTDLDDK,artificial,random,0.078814441,0
HLA-A*03:01,0,11,IQVWAEPLLDD,artificial,random,0.021869884,0
HLA-A*03:01,0,11,LLESVTTATGW,artificial,random,0.277800566,0
HLA-A*03:01,0,11,GATRLLPLLTR,artificial,random,0.122314079,0
HLA-A*03:01,0,11,GDAVDPAVVSR,artificial,random,0.181555318,0
HLA-A*68:01,0,8,TKGLPLSA,artificial,random,0.045371616,0
HLA-A*68:01,0,8,AGREVTKA,artificial,random,-0.031268624,0
HLA-A*68:01,0,8,LAEVLELD,artificial,random,-0.112830303,0
HLA-A*68:01,0,8,ETRDAVDG,artificial,random,0.069274617,0
HLA-A*68:01,0,8,ERRGLSKD,artificial,random,-0.135824009,0
HLA-A*68:01,0,9,KVSPALGNA,artificial,random,0.016342805,0
HLA-A*68:01,0,9,SDRLTTRVP,artificial,random,0.134015992,0
HLA-A*68:01,0,9,VKHKASAGL,artificial,random,-0.140226605,0
HLA-A*68:01,0,9,RGLGTSTVA,artificial,random,0.04180391,0
HLA-A*68:01,0,9,PRWLVRTST,artificial,random,-0.236046835,0
HLA-A*68:01,0,10,DQRGILTLIG,artificial,random,0.105268849,0
HLA-A*68:01,0,10,DSVAEMKNGS,artificial,random,0.332515105,0
HLA-A*68:01,0,10,FALELPKGAE,artificial,random,0.224079353,0
HLA-A*68:01,0,10,VVDAATPRAR,artificial,random,0.316732949,0
HLA-A*68:01,0,10,YPSRVLLSEV,artificial,random,0.119254963,0
HLA-A*68:01,0,11,MLVPPLGLVLV,artificial,random,0.026342834,0
HLA-A*68:01,0,11,WLRRSQILRLF,artificial,random,0.011326053,0
HLA-A*68:01,0,11,PVGPGTAESNT,artificial,random,-0.145508493,0
HLA-A*68:01,0,11,ESTRPDGVLLS,artificial,random,0.274856615,0
HLA-A*68:01,0,11,PEYLWFIKVTT,artificial,random,0.052136414,0
HLA-A*01:01,0,8,KIWIALVG,artificial,random,0.022431341,0
HLA-A*01:01,0,8,KPGAAVFK,artificial,random,0.038359749,0
HLA-A*01:01,0,8,HGVADSDM,artificial,random,0.024374314,0
HLA-A*01:01,0,8,NLREPTHA,artificial,random,0.078253538,0
HLA-A*01:01,0,8,GDQCCLDP,artificial,random,0.031264838,0
HLA-A*01:01,0,9,EWAGLFHHQ,artificial,random,0.063334765,0
HLA-A*01:01,0,9,PLGRGKRLD,artificial,random,0.005937744,0
HLA-A*01:01,0,9,GQHHAQEAG,artificial,random,0.010846436,0
HLA-A*01:01,0,9,AFTRGPALL,artificial,random,0.081870599,0
HLA-A*01:01,0,9,FAVYNSGGG,artificial,random,0.049759796,0
HLA-A*01:01,0,10,TRRLGALAIG,artificial,random,0.023110901,0
HLA-A*01:01,0,10,RMMSGARDGT,artificial,random,0.052216128,0
HLA-A*01:01,0,10,TRHFNNRPMA,artificial,random,0.052625275,0
HLA-A*01:01,0,10,ILTAADASTD,artificial,random,0.037235228,0
HLA-A*01:01,0,10,DTTASHGAMH,artificial,random,0.2214807,0
HLA-A*01:01,0,11,LAQSGAPADSL,artificial,random,0.102501077,0
HLA-A*01:01,0,11,TAAEQFAMVDA,artificial,random,0.09232634,0
HLA-A*01:01,0,11,LTWRTRVRMVS,artificial,random,0.134277598,0
HLA-A*01:01,0,11,PDERALRRSSG,artificial,random,-0.019096926,0
HLA-A*01:01,0,11,VAVGASSIDRA,artificial,random,0.055065558,0
HLA-A*24:02,0,8,IDAQRHRP,artificial,random,0.009961214,0
HLA-A*24:02,0,8,EVCADLDT,artificial,random,-0.106701564,0
HLA-A*24:02,0,8,GLGGEDNS,artificial,random,-0.117478961,0
HLA-A*24:02,0,8,ALPDTSTG,artificial,random,-0.023527007,0
HLA-A*24:02,0,8,HRELVTYL,artificial,random,0.121225565,0
HLA-A*24:02,0,9,ELADHQSTR,artificial,random,-0.087107964,0
HLA-A*24:02,0,9,APVKNWLTR,artificial,random,0.055603419,0
HLA-A*24:02,0,9,VTYSGAKAP,artificial,random,0.046031853,0
HLA-A*24:02,0,9,TAEAPFMDA,artificial,random,0.030192779,0
HLA-A*24:02,0,9,GETLEARNG,artificial,random,-0.141989241,0
HLA-A*24:02,0,10,EAWGRGYDRI,artificial,random,0.379905636,0
HLA-A*24:02,0,10,VIPFTISSAA,artificial,random,-0.040029308,0
HLA-A*24:02,0,10,VVQVGRKVII,artificial,random,0.166944064,0
HLA-A*24:02,0,10,QLGQSDGELI,artificial,random,0.092138589,0
HLA-A*24:02,0,10,RFPVHNPRED,artificial,random,0.118803943,0
HLA-A*24:02,0,11,ARERVGEVQAN,artificial,random,-0.151217229,0
HLA-A*24:02,0,11,RLVHDDRGGHR,artificial,random,-0.075942429,0
HLA-A*24:02,0,11,GYGLSILIETV,artificial,random,0.342801408,0
HLA-A*24:02,0,11,RGNYRERELSD,artificial,random,0.158772215,0
HLA-A*24:02,0,11,PSPHAWDHGLV,artificial,random,0.180712468,0
HLA-B*44:02,0,8,GDLRAVLE,artificial,random,0.052431402,0
HLA-B*44:02,0,8,WEQSRQAA,artificial,random,0.274816003,0
HLA-B*44:02,0,8,TSAAPVAL,artificial,random,0.128457352,0
HLA-B*44:02,0,8,ELDEAGRS,artificial,random,0.069911423,0
HLA-B*44:02,0,8,PEAMAVVG,artificial,random,0.126975383,0
HLA-B*44:02,0,9,CPDEAGRVA,artificial,random,0.093578797,0
HLA-B*44:02,0,9,QWLAAAART,artificial,random,0.089055816,0
HLA-B*44:02,0,9,ALDRRGTET,artificial,random,0.105606571,0
HLA-B*44:02,0,9,DMLDAQKTE,artificial,random,0.086721663,0
HLA-B*44:02,0,9,IFLTTYVRP,artificial,random,0.131059954,0
HLA-B*44:02,0,10,VTGILNRYGA,artificial,random,0.07618579,0
HLA-B*44:02,0,10,LTDQEAPSDP,artificial,random,0.10529321,0
HLA-B*44:02,0,10,IVAGRVEVAH,artificial,random,0.023613862,0
HLA-B*44:02,0,10,EKGPHQATVR,artificial,random,-0.015038764,0
HLA-B*44:02,0,10,DRPRCLVHGG,artificial,random,0.062673194,0
HLA-B*44:02,0,11,IPVAHSAIGRL,artificial,random,0.042647839,0
HLA-B*44:02,0,11,GRARATLELLR,artificial,random,0.039889149,0
HLA-B*44:02,0,11,ADTLFTLEYEV,artificial,random,0.357532238,0
HLA-B*44:02,0,11,EPTARLRTLRK,artificial,random,0.055134609,0
HLA-B*44:02,0,11,GAALDDEDLAV,artificial,random,0.081914107,0
HLA-C*06:02,0,8,RSLMDVLA,artificial,random,0.086073142,0
HLA-C*06:02,0,8,SASVVSYM,artificial,random,0.166011186,0
HLA-C*06:02,0,8,IAKHDANM,artificial,random,0.124464923,0
HLA-C*06:02,0,8,DHKTASTE,artificial,random,-0.061765364,0
HLA-C*06:02,0,8,RLSGLAGK,artificial,random,0.007996698,0
HLA-C*06:02,0,9,EYGGHVFDA,artificial,random,0.112062416,0
HLA-C*06:02,0,9,GERDIRAQD,artificial,random,-0.266543555,0
HLA-C*06:02,0,9,LLQGEVRIY,artificial,random,0.165654259,0
HLA-C*06:02,0,9,NIRVHAGEQ,artificial,random,0.101038114,0
HLA-C*06:02,0,9,PRRTAAGYT,artificial,random,0.20406792,0
HLA-C*06:02,0,10,HVFPQHASTS,artificial,random,0.076269033,0
HLA-C*06:02,0,10,MEATVGVFEA,artificial,random,0.038184725,0
HLA-C*06:02,0,10,SAVCLPARNT,artificial,random,0.123353663,0
HLA-C*06:02,0,10,PFIGFKDFGM,artificial,random,0.039525146,0
HLA-C*06:02,0,10,RLRYPWGGAS,artificial,random,0.091992418,0
HLA-C*06:02,0,11,EGYVAERLLAE,artificial,random,0.099594887,0
HLA-C*06:02,0,11,DFFGDLRDNNL,artificial,random,0.32924356,0
HLA-C*06:02,0,11,RAAELDAIGDA,artificial,random,0.105828647,0
HLA-C*06:02,0,11,TVGFGPRPVEV,artificial,random,0.201830901,0
HLA-C*06:02,0,11,AAHMAGEVIEA,artificial,random,0.128754899,0
HLA-C*14:02,0,8,VPTMIREL,artificial,random,0.184533225,0
HLA-C*14:02,0,8,AKPLTSEP,artificial,random,-0.030364287,0
HLA-C*14:02,0,8,APSRDSPA,artificial,random,0.213172305,0
HLA-C*14:02,0,8,FPVVPPPF,artificial,random,0.234785103,0
HLA-C*14:02,0,8,TVHPYRLT,artificial,random,0.075682958,0
HLA-C*14:02,0,9,ADGDNRDRR,artificial,random,0.04372415,0
HLA-C*14:02,0,9,DRYVLLATS,artificial,random,0.124841543,0
HLA-C*14:02,0,9,GFAGLHMAA,artificial,random,0.322062222,0
HLA-C*14:02,0,9,LPFQETALK,artificial,random,0.275675897,0
HLA-C*14:02,0,9,SRGALAVAA,artificial,random,0.173809872,0
HLA-C*14:02,0,10,ETVAGQVRED,artificial,random,-0.02720692,0
HLA-C*14:02,0,10,RRYAQWAELT,artificial,random,0.262399289,0
HLA-C*14:02,0,10,IRPSDRGVIS,artificial,random,0.053077686,0
HLA-C*14:02,0,10,IRVEHDLNRR,artificial,random,0.003773878,0
HLA-C*14:02,0,10,LVPRKGRKPR,artificial,random,0.113669067,0
HLA-C*14:02,0,11,GSRAAMAAFAL,artificial,random,0.169557352,0
HLA-C*14:02,0,11,RIDFSAANVKV,artificial,random,0.182831,0
HLA-C*14:02,0,11,KVQYVFFTVED,artificial,random,0.196001095,0
HLA-C*14:02,0,11,RAKEAPFTTIP,artificial,random,0.070123797,0
HLA-C*14:02,0,11,EPMDTNLTPSL,artificial,random,0.161990285,0
HLA-B*07:02,0,8,SYHPGYQN,artificial,random,0.043264415,0
HLA-B*07:02,0,8,PNIRLNRL,artificial,random,0.137087619,0
HLA-B*07:02,0,8,VRPASPTH,artificial,random,0.012995371,0
HLA-B*07:02,0,8,ESVYRVRA,artificial,random,-0.022388741,0
HLA-B*07:02,0,8,DADAWVFR,artificial,random,0.031955769,0
HLA-B*07:02,0,9,ARFYRAEVR,artificial,random,-0.02471567,0
HLA-B*07:02,0,9,RQQLAAATT,artificial,random,0.080058952,0
HLA-B*07:02,0,9,SELTGLVDK,artificial,random,0.099544798,0
HLA-B*07:02,0,9,DPAGSRWVA,artificial,random,0.182365374,0
HLA-B*07:02,0,9,SVLHDPRGA,artificial,random,0.093086126,0
HLA-B*07:02,0,10,DACIGVDGPA,artificial,random,0.076408294,0
HLA-B*07:02,0,10,YAALAAERRL,artificial,random,0.397918179,0
HLA-B*07:02,0,10,GGAAAMEPHP,artificial,random,0.134221786,0
HLA-B*07:02,0,10,AVDTPAALGP,artificial,random,0.007467246,0
HLA-B*07:02,0,10,VVGKDDLSPG,artificial,random,0.036705215,0
HLA-B*07:02,0,11,GPAPKRAIPGK,artificial,random,0.143169259,0
HLA-B*07:02,0,11,TALGGLDTNKV,artificial,random,0.062561123,0
HLA-B*07:02,0,11,RNLVNTTGAGD,artificial,random,0.068863769,0
HLA-B*07:02,0,11,QFAFRAEAPKG,artificial,random,-0.07466495,0
HLA-B*07:02,0,11,APERAGEGESE,artificial,random,0.129487757,0
HLA-B*38:01,0,8,EVGRASSG,artificial,random,0.048252257,0
HLA-B*38:01,0,8,TFEGDRTD,artificial,random,0.017873351,0
HLA-B*38:01,0,8,AHETHRFT,artificial,random,0.097308841,0
HLA-B*38:01,0,8,GIEFGQVY,artificial,random,0.066234272,0
HLA-B*38:01,0,8,ASAGWGVD,artificial,random,0.05520412,0
HLA-B*38:01,0,9,RSRTAGSES,artificial,random,-0.015832276,0
HLA-B*38:01,0,9,DRDRVGANS,artificial,random,0.038964611,0
HLA-B*38:01,0,9,PRLGKVAFA,artificial,random,0.154798491,0
HLA-B*38:01,0,9,GRFQEQFDF,artificial,random,0.142803318,0
HLA-B*38:01,0,9,SWAASTRSP,artificial,random,0.044707587,0
HLA-B*38:01,0,10,ESTEAATDAA,artificial,random,0.050491419,0
HLA-B*38:01,0,10,DDGISAADTG,artificial,random,0.16111038,0
HLA-B*38:01,0,10,WVRSHSGGAV,artificial,random,0.524949242,1
HLA-B*38:01,0,10,APGGRDVPVF,artificial,random,0.170806084,0
HLA-B*38:01,0,10,DDEAPGGMIT,artificial,random,0.268033521,0
HLA-B*38:01,0,11,GDYAFSVGLGA,artificial,random,0.117680876,0
HLA-B*38:01,0,11,EQNRYNGQTAG,artificial,random,0.099117485,0
HLA-B*38:01,0,11,GAGTPPALLAG,artificial,random,0.114372515,0
HLA-B*38:01,0,11,AHTVLQVLGYG,artificial,random,0.123242026,0
HLA-B*38:01,0,11,PRLRVGTGKLE,artificial,random,0.041406544,0
HLA-B*08:01,0,8,AMFTTNPQ,artificial,random,0.07623001,0
HLA-B*08:01,0,8,LWAAEDGV,artificial,random,0.19611553,0
HLA-B*08:01,0,8,LAPRWGEG,artificial,random,0.131893662,0
HLA-B*08:01,0,8,AFHVSVLV,artificial,random,0.139681472,0
HLA-B*08:01,0,8,APSDALEV,artificial,random,0.082476039,0
HLA-B*08:01,0,9,FIKNDRAII,artificial,random,0.34629655,0
HLA-B*08:01,0,9,DVEEHAWGD,artificial,random,0.007674226,0
HLA-B*08:01,0,9,APEVGYETA,artificial,random,0.227749513,0
HLA-B*08:01,0,9,AYGLLSPGG,artificial,random,0.011384749,0
HLA-B*08:01,0,9,DYGPDNGHT,artificial,random,-0.033029459,0
HLA-B*08:01,0,10,FEEKSGGPEV,artificial,random,0.199482145,0
HLA-B*08:01,0,10,TPVTIEYGRQ,artificial,random,0.078537418,0
HLA-B*08:01,0,10,TFVGTLLGET,artificial,random,0.102032994,0
HLA-B*08:01,0,10,NREAVGQAER,artificial,random,0.110090641,0
HLA-B*08:01,0,10,EWARAYDGPE,artificial,random,0.246894763,0
HLA-B*08:01,0,11,AAGSIRAPGKQ,artificial,random,0.008584598,0
HLA-B*08:01,0,11,VSFELAGHLKE,artificial,random,-0.024033856,0
HLA-B*08:01,0,11,SDAFVVGVTVN,artificial,random,0.086610735,0
HLA-B*08:01,0,11,DGGRQDDFGLD,artificial,random,0.126700738,0
HLA-B*08:01,0,11,VPATLYARAMG,artificial,random,0.091357852,0
HLA-C*08:02,0,8,ALSAEDRG,artificial,random,-0.012253281,0
HLA-C*08:02,0,8,LGARAGES,artificial,random,0.234102451,0
HLA-C*08:02,0,8,VTAQPPGM,artificial,random,0.161698105,0
HLA-C*08:02,0,8,APEFPNEH,artificial,random,0.079552557,0
HLA-C*08:02,0,8,EAAREAYA,artificial,random,0.098051032,0
HLA-C*08:02,0,9,DDVARDKGW,artificial,random,-0.005098208,0
HLA-C*08:02,0,9,VWPQVRRKP,artificial,random,0.105956136,0
HLA-C*08:02,0,9,MFDSPVQHR,artificial,random,0.014572117,0
HLA-C*08:02,0,9,EGASDAALG,artificial,random,0.128204372,0
HLA-C*08:02,0,9,DEVGAWKRH,artificial,random,0.026845551,0
HLA-C*08:02,0,10,DGEQPFMVPT,artificial,random,0.178018386,0
HLA-C*08:02,0,10,PALPELLLAD,artificial,random,0.093400579,0
HLA-C*08:02,0,10,LVARIGLVQT,artificial,random,0.144079176,0
HLA-C*08:02,0,10,IVAETGTLVP,artificial,random,0.112056631,0
HLA-C*08:02,0,10,IRYAEGPEVP,artificial,random,0.053079119,0
HLA-C*08:02,0,11,RLRPAQSAAAQ,artificial,random,0.060889858,0
HLA-C*08:02,0,11,EPNRYLNRSGP,artificial,random,0.154240039,0
HLA-C*08:02,0,11,APPSNRGETSR,artificial,random,0.131238704,0
HLA-C*08:02,0,11,VLAGNEAAKAV,artificial,random,0.110144688,0
HLA-C*08:02,0,11,MTDPLVEVLGY,artificial,random,0.162035239,0
