allele,ic50,immunogenicity,binder,length,peptide,positiveNumber,log50k
H-2-Kb,161.89,Major,1,8,NNIFRTNL,8,0.478253661
H-2-Db,32,Major,1,9,YSQVNKRYI,8,0.583015069
H-2-Db,3.9,Major,1,9,VGPSNSPTF,8,0.32556882
H-2-Kb,12,Major,1,8,STLNFNNL,8,0.725299466
H-2-Kb,0.5,Major,1,9,SIYGFGVTF,8,0.463151056
H-2-Db,1.37,Major,1,9,SQIVDDDFI,8,0.478894615
H-2-Db,144.18,Major,1,9,TGPVGQLWM,8,0.152938337
H-2-Db,133.72,Major,1,10,RTTVTTTSYN,8,0.017445053
H-2-Db,7.18,Major,1,13,SAPMNVDNLIMIV,8,0.186244433
H-2-Kb,3.56,Major,1,8,VTKYYINL,8,0.969955447
H-2-Db,0.34,Major,1,9,IGMFNLTFI,8,0.644250783
H-2-Db,3.85,Major,1,9,FKLILAEYI,8,0.378242173
H-2-Kb,0.5,Major,1,10,SDLFPSFVRL,8,0.301229675
H-2-Kb,1.92,Major,1,8,KNYLFNAI,8,0.884558388
H-2-Kb,0.72,Major,1,12,VISDLFPSFVRL,8,0.334914487
H-2-Kb,0.5,Major,1,8,LSYIYNML,8,0.852061369
H-2-Kb,0.5,Major,1,10,ITYRFYLINL,8,0.778879802
H-2-Kb,8.2,Major,1,8,SIYQYVRL,8,0.806563453
H-2-Kb,2.7,Major,1,8,KSYNYMLL,8,0.893830328
H-2-Kb,2.4,Major,1,8,INVEYRFL,8,0.615672001
H-2-Kb,6.2,Major,1,8,ITYRFYLI,8,0.99803857
H-2-Kb,0.61,Major,1,9,AAFEFINSL,8,0.871849655
H-2-Kb,1.1,Major,1,8,TSYKFESV,8,0.885041521
H-2-Kb,1.2,Major,1,8,SIFRFLNI,8,0.970202654
H-2-Db,7.3,Major,1,9,FAIKNTDDV,8,0.877008059
H-2-Kb,0.85,Major,1,9,VIYIFTVRL,8,0.774653491
H-2-Db,8.4,Major,1,10,YSLPNAGDVI,8,0.530765656
H-2-Kb,0.84,Major,1,8,LNFRFENV,8,0.786021206
H-2-Kb,0.5,Major,1,9,SRISRFANL,8,0.582319625
H-2-Db,1.26,Major,1,10,YSPSNHHILL,8,0.235064247
H-2-Db,227.91,Major,1,9,SSYTNQTLS,8,0.281669536
H-2-Db,3.95,Major,1,11,SAPMNVDNLIM,8,0.434051534
H-2-Db,0.5,Major,1,10,YAHINALEYI,8,0.825049888
H-2-Kb,2.13,Major,1,9,DLFPSFVRL,8,0.365825347
H-2-Kb,2.1,Major,1,8,RISRFANL,8,0.681388608
H-2-Db,21,Major,1,9,NLIRNRDYI,8,0.552901242
H-2-Kb,34.98,Major,1,9,LGYIIRYPV,8,0.493770499
H-2-Kb,0.5,Major,1,9,IIIPFIAYF,8,0.466206275
H-2-Kb,1.24,Major,1,9,SAVDFLERL,8,0.471765158
H-2-Db,-,Major,1,8,YAPVSPIV,8,0.036351905
H-2-Db,-,Major,1,9,ASNVNADII,8,0.751957767
H-2-Db,245.3,Major,1,11,CYSLPNAGDVI,8,0.098025256
H-2-Db,161.98,Major,1,9,PSIIYSMSI,8,0.035153144
H-2-Kb,3.11,Major,1,8,TIIEAYNL,7,0.408504353
H-2-Kb,0.77,Major,1,8,AIVNYANL,7,0.847638492
H-2-Db,5.9,Major,1,9,YAVINRNVL,7,0.918274577
H-2-Kb,0.5,Major,1,8,VHIYFVSL,7,0.709018715
H-2-Db,0.5,Major,1,9,NQMVNTVLI,7,0.470247784
H-2-Db,3.27,Major,1,10,SAPMNVDNLI,7,0.322583322
H-2-Kb,6,Major,1,8,YTLIYRQL,7,0.605181798
H-2-Kb,1.55,Major,1,8,TVYVFPNT,7,0.59739354
H-2-Db,12,Major,1,9,YSPSNHHIL,7,0.447237171
H-2-Db,1.4,Major,1,9,YAPVSPIVI,7,0.522143007
H-2-Db,"40,633.00",Major,1,8,LNYVDYNI,7,-0.018344673
H-2-Db,"1,096.50",Major,1,8,MMINPFMI,7,0.188396233
H-2-Kb,"1,096.50",Major,1,8,MMINPFMI,7,0.384021172
H-2-Kb,0.5,Major,1,8,NTYLFNIL,7,0.581831191
H-2-Db,15,Major,1,9,SMYCSKTFL,7,0.414096631
H-2-Kb,7.5,Major,1,8,INFEFVCL,7,0.743796873
H-2-Db,"2,220.00",Major,1,9,NCINNTIAL,7,0.333425091
H-2-Kb,1.32,Major,1,9,IMFSKSLNF,6,0.498114556
H-2-Kb,0.91,Major,1,8,MALLFKNL,6,0.875391369
H-2-Kb,0.5,Major,1,8,VFIDIREL,6,0.287018632
H-2-Kb,43.34,Major,1,7,FPSFVRL,6,0.298322804
H-2-Db,2.6,Major,1,9,SAPMNVDNL,6,0.600644273
H-2-Db,1.73,Major,1,12,SAPMNVDNLIMI,6,0.382464402
H-2-Kb,1.2,Major,1,9,LMYDIINSV,6,0.431892386
H-2-Kb,"1,937.00",Major,1,9,EVVEIFKHL,6,0.286735335
H-2-Db,5.3,Major,1,9,ISVANKIYM,6,0.724536522
H-2-Kb,0.93,Major,1,8,SVYLHTNL,5,0.884617817
H-2-Db,0.5,Major,1,9,GSPTNLEFI,5,0.605864416
H-2-Kb,83.67,Major,1,8,ICVMDLNI,5,0.228438989
H-2-Db,7.9,Major,1,9,TMMINPFMI,5,0.485492586
H-2-Kb,0.5,Major,1,9,TIVDFLSRL,5,0.484019615
H-2-Kb,0.5,Major,1,8,SQYEYTTV,5,0.627173722
H-2-Db,6.6,Major,1,9,FLMMNKDEL,5,0.556036439
H-2-Kb,0.94,Major,1,9,VSLDYINTM,5,0.791955059
H-2-Kb,0.5,Major,1,9,VMVTITQNV,5,0.254101994
H-2-Db,3.8,Major,1,10,YGVSNFKIGM,5,0.257381321
H-2-Kb,0.86,Major,1,8,LMYIFAAL,5,1.127507919
H-2-Db,79.21,Major,1,11,ALPTNEFISFL,5,0.265199202
H-2-Db,-,Major,1,9,SKWLNPACM,5,0.434841373
H-2-Kb,96,Major,1,8,KVFSFWLL,5,0.591874593
H-2-Kb,13,Major,1,8,FIYTYDRV,5,0.585872505
H-2-Db,3.2,Major,1,9,YMLENIQVM,5,0.673351984
H-2-Kb,61.67,Minor,0,10,VENNIDFLKD,4,0.208919485
H-2-Db,"1,189.51",Minor,0,9,LFKNLATSI,4,-0.020159664
H-2-Db,58.34,Minor,0,9,NSIINIAKL,4,0.621192494
H-2-Kb,1.06,Minor,0,8,TIQRFSSL,4,0.611717375
H-2-Db,5.33,Minor,0,9,VTIINRDHF,4,0.369538714
H-2-Db,"9,656.65",Minor,0,9,LYVNNLSLI,4,0.291803949
H-2-Db,0.5,Minor,0,10,SAPFDSVFYL,4,0.300534668
H-2-Db,0.79,Minor,0,9,NAVSNKYEL,4,0.484918979
H-2-Db,14.04,Minor,0,11,APGSPTNLEFI,4,0.460794947
H-2-Kb,6.9,Minor,0,8,IHYLFRCV,4,0.582280115
H-2-Db,221,Minor,0,10,VTMINTLEFI,4,0.305265106
H-2-Kb,"2,578.00",Minor,0,9,FNPSVLKIL,4,0.220489982
H-2-Db,98.28,Minor,0,10,VNNMRFKIEN,4,0.040501399
H-2-Db,586.31,Minor,0,11,MRSLIIVLLFP,4,0.058393118
H-2-Db,40.6,Minor,0,9,FIVLSQAGL,4,0.134329004
H-2-Db,68.09,Minor,0,9,PNTSIKEIK,3,-0.05447358
H-2-Db,0.93,Minor,0,9,FQVVNPHLL,3,0.608743996
H-2-Kb,117,Minor,0,9,FQVVNPHLL,3,0.158324166
H-2-Kb,"2,080.78",Minor,0,10,ALCTYSMNTI,3,0.375794336
H-2-Kb,6.81,Minor,0,9,IIAVFDSKL,3,0.220191545
H-2-Db,1.5,Minor,0,10,FMRTDMLQNM,3,0.069081179
H-2-Kb,41.01,Minor,0,9,VNIDQTTPM,3,0.484076896
H-2-Kb,0.5,Minor,0,8,SQYYFSML,3,0.790025854
H-2-Db,6.33,Minor,0,9,SMYVIPDEL,3,0.273695676
H-2-Kb,12.12,Minor,0,8,IMIEISNV,3,0.310668404
H-2-Db,62.98,Minor,0,9,SQGTNPHMI,3,0.39309442
H-2-Db,0.5,Minor,0,9,IAIVNYANL,3,0.843670003
H-2-Db,107.58,Minor,0,9,VLFINSIHA,3,0.104776949
H-2-Kb,2.95,Minor,0,8,TNLEYKTL,3,0.774309287
H-2-Kb,186.26,Minor,0,8,MITMSAFL,3,0.438320198
H-2-Db,0.5,Minor,0,9,VTIRNVTHI,3,0.628246047
H-2-Db,20,Minor,0,9,RMNSNQVCI,3,0.306113169
H-2-Kb,-,Minor,0,9,LLPSHSTVL,3,0.482909966
H-2-Db,471.44,Minor,0,9,KYLIIKLLL,3,0.10308393
H-2-Db,-,Minor,0,12,IIDLTGRVRYLT,3,0.031251971
H-2-Db,27.16,Minor,0,11,DIKNLLTACTI,3,0.098298958
H-2-Db,"8,268.34",Minor,0,8,AQDYDQYI,2,0.074297269
H-2-Db,3.61,Minor,0,9,QSPVNIFKL,2,0.491412811
H-2-Db,0.5,Minor,0,9,YGIENTDSI,2,0.832923101
H-2-Db,"17,794.14",Minor,0,8,YIDHIVNI,2,0.024421487
H-2-Kb,13.97,Minor,0,8,SSIRFIAC,2,0.356505544
H-2-Db,59.04,Minor,0,9,RSTINGEQI,2,0.441890665
H-2-Kb,297.29,Minor,0,8,LRYLLFGI,2,0.502236237
H-2-Kb,0.8,Minor,0,8,MSMKYLML,2,0.895137152
H-2-Kb,1.76,Minor,0,8,EQFTFSNV,2,0.515153537
H-2-Db,9.98,Minor,0,9,TNVVNISTI,2,0.713673145
H-2-Db,2.13,Minor,0,11,KTVTNLISETL,2,0.28145063
H-2-Kb,27.26,Minor,0,9,VNKYFENPL,2,0.646239301
H-2-Kb,0.5,Minor,0,8,KQYIVATL,2,0.339275329
H-2-Kb,808.17,Minor,0,8,KCIEYVTL,2,0.317243656
H-2-Db,73.93,Minor,0,9,NTPNNTTTI,2,0.491965711
H-2-Db,"1,189.95",Minor,0,8,ITQYLDFL,2,-0.01469487
H-2-Db,"15,482.88",Minor,0,8,LSSIVDAP,2,0.047537425
H-2-Kb,"2,600.16",Minor,0,8,DVTTFLSM,2,0.220932663
H-2-Db,-,Minor,0,9,WTLDNGHVL,2,0.589792886
H-2-Kb,-,Minor,0,9,GLLSDHKSN,2,-0.007235181
H-2-Db,-,Minor,0,10,SFLLLTSIPI,2,0.124488218
H-2-Db,"1,194.00",Minor,0,10,FWFKNTQFDI,2,0.157582414
H-2-Db,-,Minor,0,9,YSMATARSL,2,0.236724521
H-2-Db,28,Minor,0,9,FTIQNNTKL,2,0.685222711
H-2-Db,843.45,Minor,0,13,SPDVLIVVSRHLT,2,0.137318766
H-2-Db,"66,272.28",Minor,0,8,IVEEYPDD,2,-0.039367901
H-2-Db,-,Minor,0,8,YTKPYYGN,2,-0.028120739
H-2-Db,0.5,Minor,0,9,STILNSIDI,1,0.62765113
H-2-Db,17.14,Minor,0,9,NSNINIIHI,1,0.403151574
H-2-Kb,1.47,Minor,0,8,TIFKYIGL,1,0.78495032
H-2-Db,0.9,Minor,0,9,VVIKNSDYI,1,0.610302255
H-2-Db,0.86,Minor,0,9,TSSINLSYI,1,0.502705889
H-2-Kb,0.5,Minor,0,8,SFIEVISL,1,0.262985707
H-2-Db,"1,738.53",Minor,0,6,LGPLFK,1,-0.028278529
H-2-Db,510.1,Minor,0,9,VGINLVEKI,1,0.04335287
H-2-Db,7.5,Minor,0,9,FTLINEEML,1,0.69486791
H-2-Db,9.01,Minor,0,9,KSLVNLEIL,1,0.750029208
H-2-Db,29.11,Minor,0,9,VGPNNTRSI,1,0.2314861
H-2-Db,2.48,Minor,0,9,KTVKNVDII,1,0.452327207
H-2-Db,700.24,Minor,0,10,SNLKHIGNHI,1,0.033642205
H-2-Db,72.84,Minor,0,11,YAIDVTKVNPL,1,0.233064148
H-2-Db,78.95,Minor,0,11,NMFAANRDNVA,1,0.103582057
H-2-Db,"51,512.22",Minor,0,8,LSHFYPAV,1,0.058076184
H-2-Db,"2,387.33",Minor,0,12,NLSLGKSPLPSL,1,0.029416183
H-2-Db,302.14,Minor,0,9,SMSQELAEL,1,0.154389265
H-2-Db,"3,614.10",Minor,0,9,KSIEIAKEL,1,0.06847052
H-2-Db,28.2,Minor,0,9,FSYLMKDKL,1,0.218609079
H-2-Db,0.5,Minor,0,9,SAVINNMQI,1,0.669783998
H-2-Kb,254,Minor,0,9,LVSRNYQML,1,0.331630616
H-2-Kb,-,Minor,0,9,SVVNVISNL,1,0.403506099
H-2-Kb,7.8,Minor,0,9,VLLPFYETL,1,0.665681469
H-2-Db,-,Minor,0,9,VSVMNFIPI,1,0.852070574
H-2-Kb,490,Minor,0,8,IPLKYIVL,1,0.323359637
H-2-Kb,465.62,Minor,0,8,KEKSVKFI,1,0.110473724
H-2-Kb,"16,665.77",Minor,0,10,MGGGVSVELP,1,0.087881985
H-2-Kb,65.82,Minor,0,8,MDSKETIL,1,0.096728991
H-2-Kb,268.76,Non,0,9,LQNVMISIL,0,0.217896681
H-2-Db,7.32,Non,0,9,SGVTHIDPL,0,0.504195989
H-2-Db,4.99,Non,0,9,GTVVNKEAI,0,0.530035363
H-2-Db,"9,257.52",Non,0,12,NMFVIDGRFDFL,0,0.128523261
H-2-Kb,18.47,Non,0,8,KVIGFVSI,0,0.475765452
H-2-Kb,11.38,Non,0,8,KAIDFSQM,0,0.578365447
H-2-Kb,552.28,Non,0,8,RQGSSPIL,0,0.133234463
H-2-Db,42.2,Non,0,9,ISISDAENM,0,0.189546212
H-2-Db,6.72,Non,0,9,ASLKNFKEL,0,0.595435191
H-2-Kb,10.64,Non,0,9,SSFTKMAEI,0,0.630850352
H-2-Db,106.01,Non,0,9,ISIKLTDSL,0,0.104143659
H-2-Db,0.62,Non,0,9,SMLSNLTNL,0,0.613596717
H-2-Kb,0.94,Non,0,8,ALYYVHSL,0,0.600793108
H-2-Kb,4.12,Non,0,9,INYVETKYF,0,0.378677918
H-2-Kb,"6,292.53",Non,0,11,SITNKADTSSF,0,0.072074609
H-2-Kb,2.31,Non,0,9,VIYDFLVKT,0,0.411981191
H-2-Db,61.9,Non,0,9,SGGGNLTEI,0,0.235844957
H-2-Db,"1,846.14",Non,0,9,STLSVVHEL,0,0.148253993
H-2-Db,150.33,Non,0,9,IAPRSGLSL,0,0.246330963
H-2-Db,10.75,Non,0,9,AAIRGNDVI,0,0.508708302
H-2-Db,110.02,Non,0,11,GIGVQGLADAF,0,0.204702286
H-2-Db,7.93,Non,0,9,TQNVNAAHL,0,0.4551332
H-2-Kb,4.89,Non,0,9,SSFVKKFGL,0,0.645065295
H-2-Db,34.88,Non,0,9,LSQQNSDSI,0,0.355171392
H-2-Kb,2.13,Non,0,8,SQFSYKEL,0,0.556167303
H-2-Kb,0.5,Non,0,8,VNLAYSKL,0,0.865838488
H-2-Db,11.15,Non,0,9,VGEINHDLL,0,0.178825907
H-2-Kb,295.52,Non,0,9,ECKTHASSI,0,-0.056894603
H-2-Db,"12,878.33",Non,0,10,QIETGTPFIL,0,0.004683339
H-2-Db,34.23,Non,0,9,TGINNVQSL,0,0.487150682
H-2-Db,-,Non,0,10,SSFYNYVMKI,0,0.375921363
H-2-Kb,7.8,Non,0,8,TSLVFETL,0,0.800168007
H-2-Kb,-,Non,0,9,VLYNGVNYL,0,0.487329589
H-2-Kb,45,Non,0,8,STREYLKL,0,0.690700353
H-2-Db,-,Non,0,10,SQLDNLCTEM,0,0.308640551
H-2-Db,-,Non,0,10,CSKTVKNVDI,0,-0.005269409
H-2-Db,"1,277.00",Non,0,10,TSNVITDQTV,0,0.042346974
H-2-Db,-,Non,0,9,YGLEINMTI,0,0.158272123
H-2-Kb,-,Non,0,8,GLYIHYNL,0,0.375491524
H-2-Kb,-,Non,0,9,SWFDFKSCL,0,0.247854055
H-2-Kb,-,Non,0,9,PIPYYYLPL,0,0.467474849
H-2-Kb,-,Non,0,9,LFPDDVQEL,0,0.185792282
H-2-Db,-,Non,0,9,CAIKALMQL,0,0.102400041
H-2-Db,-,Non,0,9,IVYKDCAKL,0,0.073981986
H-2-Db,"1,973.00",Non,0,9,STLSTQEAL,0,0.123156655
