allele,binder,peptide,peptide_length,species,log50k
HLA-DRB1*0101,1,YSVYFNLPADTIYTN,15,Homo sapiens,1
HLA-DRB1*0101,1,WRRAPAPGA,9,Homo sapiens,0.354900348
HLA-DRB1*0101,1,PVTWRRAPA,9,Homo sapiens,0.411627354
HLA-DRB1*0101,1,GELIGILNAAKVPAD,15,Homo sapiens,1
HLA-DRB1*0101,0,PGSSAARLV,9,Homo sapiens,0.260997888
HLA-DRB1*0101,0,EEGISADDA,9,Homo sapiens,0
HLA-DRB1*0101,0,INAGNVTVG,9,Homo sapiens,0.349842305
HLA-DRB1*0101,0,VVPLDERTT,9,Homo sapiens,0.177345082
HLA-DRB1*0101,0,PGGAQGITL,9,Homo sapiens,0.252022958
HLA-DRB1*0101,0,RTPVPTCYTLSP,12,Homo sapiens,0.347536143
HLA-DRB1*0101,0,PQVAQLADF,9,Homo sapiens,0
HLA-DRB1*0101,0,QGFAYSVKA,9,Homo sapiens,0.058753812
HLA-DRB1*0101,0,DDGLDLPSA,9,Homo sapiens,0.260794308
HLA-DRB1*0101,0,VEFGRRPGT,9,Homo sapiens,0.118222523
HLA-DRB1*0101,0,SALFAMFQV,9,Homo sapiens,0.330010631
HLA-DRB1*0101,0,LRAIDRLVP,9,Homo sapiens,0.280217612
HLA-DRB1*0101,0,VDPSTGDRE,9,Homo sapiens,0
HLA-DRB1*0101,0,GQGTSPLLT,9,Homo sapiens,0.232621245
HLA-DRB1*0101,0,RVNDVDPAT,9,Homo sapiens,0.081021675
HLA-DRB1*0101,0,QVSKHVRRG,9,Homo sapiens,0.255762656
HLA-DRB1*0101,0,KTQPPGADT,9,Homo sapiens,0
HLA-DRB1*0101,0,GQTYEVNEP,9,Homo sapiens,0.057351103
HLA-DRB1*0101,0,TSYECAPLT,9,Homo sapiens,0.10390006
HLA-DRB1*0101,0,DARAATDGS,9,Homo sapiens,0.064884998
HLA-DRB1*0101,0,PEAVRRRLF,9,Homo sapiens,0.06050057
HLA-DRB1*0101,0,TEALDEDFDR,10,Homo sapiens,0.337502515
HLA-DRB1*0101,0,AQSRGRSMTV,10,Homo sapiens,0.359403684
HLA-DRB1*0101,0,TTPLKRNEVK,10,Homo sapiens,0.23214761
HLA-DRB1*0101,0,FFGCLPDFFW,10,Homo sapiens,0.267904302
HLA-DRB1*0101,0,TPSDGSPASNR,11,Homo sapiens,0.307273862
HLA-DRB1*0101,0,PDPAETEYAAE,11,Homo sapiens,0.278825334
HLA-DRB1*0101,0,SLPPPERGPGTA,12,Homo sapiens,0.295725412
