allele,peptide,length,binder,positiveNumber,immunogenicity,ic50,log50k
H-2-Kb,NNIFRTNL,8,1,8,Major,161.89,0.4349
H-2-Db,YSQVNKRYI,9,1,8,Major,32,0.6211
H-2-Db,VGPSNSPTF,9,1,8,Major,3.9,0.3895
H-2-Kb,STLNFNNL,8,1,8,Major,12,0.801
H-2-Kb,SIYGFGVTF,9,1,8,Major,0.5,0.5662
H-2-Db,SQIVDDDFI,9,1,8,Major,1.37,0.5407
H-2-Db,TGPVGQLWM,9,1,8,Major,144.18,0.2286
H-2-Db,RTTVTTTSYN,10,1,8,Major,133.72,0.0225
H-2-Db,SAPMNVDNLIMIV,13,1,8,Major,7.18,0.5211
H-2-Kb,VTKYYINL,8,1,8,Major,3.56,0.7726
H-2-Db,IGMFNLTFI,9,1,8,Major,0.34,0.7874
H-2-Db,FKLILAEYI,9,1,8,Major,3.85,0.2504
H-2-Kb,SDLFPSFVRL,10,1,8,Major,0.5,0.4618
H-2-Kb,KNYLFNAI,8,1,8,Major,1.92,0.8042
H-2-Kb,VISDLFPSFVRL,12,1,8,Major,0.72,0.5184
H-2-Kb,LSYIYNML,8,1,8,Major,0.5,0.8745
H-2-Kb,ITYRFYLINL,10,1,8,Major,0.5,0.8412
H-2-Kb,SIYQYVRL,8,1,8,Major,8.2,0.8759
H-2-Kb,KSYNYMLL,8,1,8,Major,2.7,0.8733
H-2-Kb,INVEYRFL,8,1,8,Major,2.4,0.7714
H-2-Kb,ITYRFYLI,8,1,8,Major,6.2,0.8586
H-2-Kb,AAFEFINSL,9,1,8,Major,0.61,0.7902
H-2-Kb,TSYKFESV,8,1,8,Major,1.1,0.8026
H-2-Kb,SIFRFLNI,8,1,8,Major,1.2,0.8559
H-2-Db,FAIKNTDDV,9,1,8,Major,7.3,0.7706
H-2-Kb,VIYIFTVRL,9,1,8,Major,0.85,0.8061
H-2-Db,YSLPNAGDVI,10,1,8,Major,8.4,0.7144
H-2-Kb,LNFRFENV,8,1,8,Major,0.84,0.7861
H-2-Kb,SRISRFANL,9,1,8,Major,0.5,0.5632
H-2-Db,YSPSNHHILL,10,1,8,Major,1.26,0.5105
H-2-Db,SSYTNQTLS,9,1,8,Major,227.91,0.3199
H-2-Db,SAPMNVDNLIM,11,1,8,Major,3.95,0.6109
H-2-Db,YAHINALEYI,10,1,8,Major,0.5,0.7965
H-2-Kb,DLFPSFVRL,9,1,8,Major,2.13,0.4602
H-2-Kb,RISRFANL,8,1,8,Major,2.1,0.7221
H-2-Db,NLIRNRDYI,9,1,8,Major,21,0.6664
H-2-Kb,LGYIIRYPV,9,1,8,Major,34.98,0.4897
H-2-Kb,IIIPFIAYF,9,1,8,Major,0.5,0.6377
H-2-Kb,SAVDFLERL,9,1,8,Major,1.24,0.6302
H-2-Db,YAPVSPIV,8,1,8,Major,-,0.1233
H-2-Db,ASNVNADII,9,1,8,Major,-,0.731
H-2-Db,CYSLPNAGDVI,11,1,8,Major,245.3,0.4423
H-2-Db,PSIIYSMSI,9,1,8,Major,161.98,0.0886
H-2-Kb,TIIEAYNL,8,1,7,Major,3.11,0.531
H-2-Kb,AIVNYANL,8,1,7,Major,0.77,0.75
H-2-Db,YAVINRNVL,9,1,7,Major,5.9,0.8266
H-2-Kb,VHIYFVSL,8,1,7,Major,0.5,0.7177
H-2-Db,NQMVNTVLI,9,1,7,Major,0.5,0.6643
H-2-Db,SAPMNVDNLI,10,1,7,Major,3.27,0.6864
H-2-Kb,YTLIYRQL,8,1,7,Major,6,0.7045
H-2-Kb,TVYVFPNT,8,1,7,Major,1.55,0.6485
H-2-Db,YSPSNHHIL,9,1,7,Major,12,0.7081
H-2-Db,YAPVSPIVI,9,1,7,Major,1.4,0.5218
H-2-Db,LNYVDYNI,8,1,7,Major,"40,633.00",0.047
H-2-Db,MMINPFMI,8,1,7,Major,"1,096.50",0.3006
H-2-Kb,MMINPFMI,8,1,7,Major,"1,096.50",0.3418
H-2-Kb,NTYLFNIL,8,1,7,Major,0.5,0.7349
H-2-Db,SMYCSKTFL,9,1,7,Major,15,0.502
H-2-Kb,INFEFVCL,8,1,7,Major,7.5,0.823
H-2-Db,NCINNTIAL,9,1,7,Major,"2,220.00",0.3173
H-2-Kb,IMFSKSLNF,9,1,6,Major,1.32,0.6425
H-2-Kb,MALLFKNL,8,1,6,Major,0.91,0.791
H-2-Kb,VFIDIREL,8,1,6,Major,0.5,0.3775
H-3-Kb,FPSFVRL,7,1,6,Major,43.34,0
H-2-Db,SAPMNVDNL,9,1,6,Major,2.6,0.8281
H-2-Db,SAPMNVDNLIMI,12,1,6,Major,1.73,0.5815
H-2-Kb,LMYDIINSV,9,1,6,Major,1.2,0.4085
H-2-Kb,EVVEIFKHL,9,1,6,Major,"1,937.00",0.3083
H-2-Db,ISVANKIYM,9,1,6,Major,5.3,0.7222
H-2-Kb,SVYLHTNL,8,1,5,Major,0.93,0.8523
H-2-Db,GSPTNLEFI,9,1,5,Major,0.5,0.7071
H-2-Kb,ICVMDLNI,8,1,5,Major,83.67,0.1253
H-2-Db,TMMINPFMI,9,1,5,Major,7.9,0.6756
H-2-Kb,TIVDFLSRL,9,1,5,Major,0.5,0.7045
H-2-Kb,SQYEYTTV,8,1,5,Major,0.5,0.691
H-2-Db,FLMMNKDEL,9,1,5,Major,6.6,0.6938
H-2-Kb,VSLDYINTM,9,1,5,Major,0.94,0.6683
H-2-Kb,VMVTITQNV,9,1,5,Major,0.5,0.3943
H-2-Db,YGVSNFKIGM,10,1,5,Major,3.8,0.376
H-2-Kb,LMYIFAAL,8,1,5,Major,0.86,0.8429
H-2-Db,ALPTNEFISFL,11,1,5,Major,79.21,0.2197
H-2-Db,SKWLNPACM,9,1,5,Major,-,0.2494
H-2-Kb,KVFSFWLL,8,1,5,Major,96,0.7533
H-2-Kb,FIYTYDRV,8,1,5,Major,13,0.5862
H-2-Db,YMLENIQVM,9,1,5,Major,3.2,0.7554
H-2-Kb,VENNIDFLKD,10,0,4,Minor,61.67,0.0273
H-2-Db,LFKNLATSI,9,0,4,Minor,"1,189.51",0.0383
H-2-Db,NSIINIAKL,9,0,4,Minor,58.34,0.6356
H-2-Kb,TIQRFSSL,8,0,4,Minor,1.06,0.6883
H-2-Db,VTIINRDHF,9,0,4,Minor,5.33,0.5158
H-2-Db,LYVNNLSLI,9,0,4,Minor,"9,656.65",0.2536
H-2-Db,SAPFDSVFYL,10,0,4,Minor,0.5,0.3643
H-2-Db,NAVSNKYEL,9,0,4,Minor,0.79,0.6076
H-2-Db,APGSPTNLEFI,11,0,4,Minor,14.04,0.4793
H-2-Kb,IHYLFRCV,8,0,4,Minor,6.9,0.6625
H-2-Db,VTMINTLEFI,10,0,4,Minor,221,0.5436
H-2-Kb,FNPSVLKIL,9,0,4,Minor,"2,578.00",0.1811
H-2-Db,VNNMRFKIEN,10,0,4,Minor,98.28,0.0141
H-2-Db,MRSLIIVLLFP,11,0,4,Minor,586.31,0.0198
H-2-Db,FIVLSQAGL,9,0,4,Minor,40.6,0.1
H-2-Db,PNTSIKEIK,9,0,3,Minor,68.09,0.006
H-2-Db,FQVVNPHLL,9,0,3,Minor,0.93,0.6961
H-2-Kb,FQVVNPHLL,9,0,3,Minor,117,0.195
H-2-Kb,ALCTYSMNTI,10,0,3,Minor,"2,080.78",0.1424
H-2-Kb,IIAVFDSKL,9,0,3,Minor,6.81,0.5316
H-2-Db,FMRTDMLQNM,10,0,3,Minor,1.5,0.1182
H-2-Kb,VNIDQTTPM,9,0,3,Minor,41.01,0.424
H-2-Kb,SQYYFSML,8,0,3,Minor,0.5,0.8636
H-2-Db,SMYVIPDEL,9,0,3,Minor,6.33,0.441
H-2-Kb,IMIEISNV,8,0,3,Minor,12.12,0.5025
H-2-Db,SQGTNPHMI,9,0,3,Minor,62.98,0.4382
H-2-Db,IAIVNYANL,9,0,3,Minor,0.5,0.7545
H-2-Db,VLFINSIHA,9,0,3,Minor,107.58,0.1979
H-2-Kb,TNLEYKTL,8,0,3,Minor,2.95,0.6212
H-2-Kb,MITMSAFL,8,0,3,Minor,186.26,0.313
H-2-Db,VTIRNVTHI,9,0,3,Minor,0.5,0.6769
H-2-Db,RMNSNQVCI,9,0,3,Minor,20,0.5334
H-2-Kb,LLPSHSTVL,9,0,3,Minor,-,0.2816
H-2-Db,KYLIIKLLL,9,0,3,Minor,471.44,0.1002
H-2-Db,IIDLTGRVRYLT,12,0,3,Minor,-,0.0171
H-2-Db,DIKNLLTACTI,11,0,3,Minor,27.16,0.0525
H-2-Db,AQDYDQYI,8,0,2,Minor,"8,268.34",0.0542
H-2-Db,QSPVNIFKL,9,0,2,Minor,3.61,0.5286
H-2-Db,YGIENTDSI,9,0,2,Minor,0.5,0.8126
H-2-Db,YIDHIVNI,8,0,2,Minor,"17,794.14",0.0515
H-2-Kb,SSIRFIAC,8,0,2,Minor,13.97,0.4698
H-2-Db,RSTINGEQI,9,0,2,Minor,59.04,0.5462
H-2-Kb,LRYLLFGI,8,0,2,Minor,297.29,0.2774
H-2-Kb,MSMKYLML,8,0,2,Minor,0.8,0.8097
H-2-Kb,EQFTFSNV,8,0,2,Minor,1.76,0.4913
H-2-Db,TNVVNISTI,9,0,2,Minor,9.98,0.5821
H-2-Db,KTVTNLISETL,11,0,2,Minor,2.13,0.3743
H-2-Kb,VNKYFENPL,9,0,2,Minor,27.26,0.5875
H-2-Kb,KQYIVATL,8,0,2,Minor,0.5,0.5381
H-2-Kb,KCIEYVTL,8,0,2,Minor,808.17,0.4983
H-2-Db,NTPNNTTTI,9,0,2,Minor,73.93,0.487
H-2-Db,ITQYLDFL,8,0,2,Minor,"1,189.95",0.0498
H-2-Db,LSSIVDAP,8,0,2,Minor,"15,482.88",0.0142
H-2-Kb,DVTTFLSM,8,0,2,Minor,"2,600.16",0.2324
H-2-Db,WTLDNGHVL,9,0,2,Minor,-,0.4689
H-2-Kb,GLLSDHKSN,9,0,2,Minor,-,0.017
H-2-Db,SFLLLTSIPI,10,0,2,Minor,-,0.1601
H-2-Db,FWFKNTQFDI,10,0,2,Minor,"1,194.00",0.2041
H-2-Db,YSMATARSL,9,0,2,Minor,-,0.3781
H-2-Db,FTIQNNTKL,9,0,2,Minor,28,0.6195
H-2-Db,SPDVLIVVSRHLT,13,0,2,Minor,843.45,0.0294
H-2-Db,IVEEYPDD,8,0,2,Minor,"66,272.28",0.0024
H-2-Db,YTKPYYGN,8,0,2,Minor,-,0.0048
H-2-Db,STILNSIDI,9,0,1,Minor,0.5,0.6221
H-2-Db,NSNINIIHI,9,0,1,Minor,17.14,0.525
H-2-Kb,TIFKYIGL,8,0,1,Minor,1.47,0.8256
H-2-Db,VVIKNSDYI,9,0,1,Minor,0.9,0.7776
H-2-Db,TSSINLSYI,9,0,1,Minor,0.86,0.6551
H-2-Kb,SFIEVISL,8,0,1,Minor,0.5,0.3989
H-2-Db,LGPLFK,6,0,1,Minor,"1,738.53",0
H-2-Db,VGINLVEKI,9,0,1,Minor,510.1,0.1717
H-2-Db,FTLINEEML,9,0,1,Minor,7.5,0.6226
H-2-Db,KSLVNLEIL,9,0,1,Minor,9.01,0.7812
H-2-Db,VGPNNTRSI,9,0,1,Minor,29.11,0.3854
H-2-Db,KTVKNVDII,9,0,1,Minor,2.48,0.6295
H-2-Db,SNLKHIGNHI,10,0,1,Minor,700.24,0.1228
H-2-Db,YAIDVTKVNPL,11,0,1,Minor,72.84,0.3855
H-2-Db,NMFAANRDNVA,11,0,1,Minor,78.95,0.0803
H-2-Db,LSHFYPAV,8,0,1,Minor,"51,512.22",0.0451
H-2-Db,NLSLGKSPLPSL,12,0,1,Minor,"2,387.33",0.0321
H-2-Db,SMSQELAEL,9,0,1,Minor,302.14,0.1743
H-2-Db,KSIEIAKEL,9,0,1,Minor,"3,614.10",0.1997
H-2-Db,FSYLMKDKL,9,0,1,Minor,28.2,0.4187
H-2-Db,SAVINNMQI,9,0,1,Minor,0.5,0.7166
H-2-Kb,LVSRNYQML,9,0,1,Minor,254,0.3807
H-2-Kb,SVVNVISNL,9,0,1,Minor,-,0.4769
H-2-Kb,VLLPFYETL,9,0,1,Minor,7.8,0.7156
H-2-Db,VSVMNFIPI,9,0,1,Minor,-,0.8208
H-2-Kb,IPLKYIVL,8,0,1,Minor,490,0.4082
H-2-Kb,KEKSVKFI,8,0,1,Minor,465.62,0.0294
H-2-Kb,MGGGVSVELP,10,0,1,Minor,"16,665.77",0.0386
H-2-Kb,MDSKETIL,8,0,1,Minor,65.82,0.0486
H-2-Kb,LQNVMISIL,9,0,0,Non,268.76,0.2082
H-2-Db,SGVTHIDPL,9,0,0,Non,7.32,0.5771
H-2-Db,GTVVNKEAI,9,0,0,Non,4.99,0.5349
H-2-Db,NMFVIDGRFDFL,12,0,0,Non,"9,257.52",0.1724
H-2-Kb,KVIGFVSI,8,0,0,Non,18.47,0.5309
H-2-Kb,KAIDFSQM,8,0,0,Non,11.38,0.6296
H-2-Kb,RQGSSPIL,8,0,0,Non,552.28,0.0849
H-2-Db,ISISDAENM,9,0,0,Non,42.2,0.3374
H-2-Db,ASLKNFKEL,9,0,0,Non,6.72,0.6307
H-2-Kb,SSFTKMAEI,9,0,0,Non,10.64,0.6448
H-2-Db,ISIKLTDSL,9,0,0,Non,106.01,0.3627
H-2-Db,SMLSNLTNL,9,0,0,Non,0.62,0.7159
H-2-Kb,ALYYVHSL,8,0,0,Non,0.94,0.5512
H-2-Kb,INYVETKYF,9,0,0,Non,4.12,0.4829
H-2-Kb,SITNKADTSSF,11,0,0,Non,"6,292.53",0.0736
H-2-Kb,VIYDFLVKT,9,0,0,Non,2.31,0.5038
H-2-Db,SGGGNLTEI,9,0,0,Non,61.9,0.4464
H-2-Db,STLSVVHEL,9,0,0,Non,"1,846.14",0.2331
H-2-Db,IAPRSGLSL,9,0,0,Non,150.33,0.3176
H-2-Db,AAIRGNDVI,9,0,0,Non,10.75,0.588
H-2-Db,GIGVQGLADAF,11,0,0,Non,110.02,0.0309
H-2-Db,TQNVNAAHL,9,0,0,Non,7.93,0.5273
H-2-Kb,SSFVKKFGL,9,0,0,Non,4.89,0.6679
H-2-Db,LSQQNSDSI,9,0,0,Non,34.88,0.5577
H-2-Kb,SQFSYKEL,8,0,0,Non,2.13,0.6864
H-2-Kb,VNLAYSKL,8,0,0,Non,0.5,0.829
H-2-Db,VGEINHDLL,9,0,0,Non,11.15,0.3218
H-2-Kb,ECKTHASSI,9,0,0,Non,295.52,0.0478
H-2-Db,QIETGTPFIL,10,0,0,Non,"12,878.33",0.0246
H-2-Db,TGINNVQSL,9,0,0,Non,34.23,0.5553
H-2-Db,SSFYNYVMKI,10,0,0,Non,-,0.4461
H-2-Kb,TSLVFETL,8,0,0,Non,7.8,0.7197
H-2-Kb,VLYNGVNYL,9,0,0,Non,-,0.5373
H-2-Kb,STREYLKL,8,0,0,Non,45,0.5959
H-2-Db,SQLDNLCTEM,10,0,0,Non,-,0.499
H-2-Db,CSKTVKNVDI,10,0,0,Non,-,0.0443
H-2-Db,TSNVITDQTV,10,0,0,Non,"1,277.00",0.1157
H-2-Db,YGLEINMTI,9,0,0,Non,-,0.3035
H-2-Kb,GLYIHYNL,8,0,0,Non,-,0.5466
H-2-Kb,SWFDFKSCL,9,0,0,Non,-,0.608
H-2-Kb,PIPYYYLPL,9,0,0,Non,-,0.4995
H-2-Kb,LFPDDVQEL,9,0,0,Non,-,0.0996
H-2-Db,CAIKALMQL,9,0,0,Non,-,0.2299
H-2-Db,IVYKDCAKL,9,0,0,Non,-,0.0863
H-2-Db,STLSTQEAL,9,0,0,Non,"1,973.00",0.2768
