species,allele,peptide_length,peptide,binder,log50k
Homo sapiens,HLA-DRB1*0101,15,YSVYFNLPADTIYTN,1,0.797
Homo sapiens,HLA-DRB1*0101,9,WRRAPAPGA,1,0.214
Homo sapiens,HLA-DRB1*0101,9,PVTWRRAPA,1,0.025
Homo sapiens,HLA-DRB1*0101,15,GELIGILNAAKVPAD,1,0.867
Homo sapiens,HLA-DRB1*0101,9,PGSSAARLV,0,0.107
Homo sapiens,HLA-DRB1*0101,9,EEGISADDA,0,0.023
Homo sapiens,HLA-DRB1*0101,9,INAGNVTVG,0,0.048
Homo sapiens,HLA-DRB1*0101,9,VVPLDERTT,0,0.079
Homo sapiens,HLA-DRB1*0101,9,PGGAQGITL,0,0.069
Homo sapiens,HLA-DRB1*0101,12,RTPVPTCYTLSP,0,0.213
Homo sapiens,HLA-DRB1*0101,9,PQVAQLADF,0,0.046
Homo sapiens,HLA-DRB1*0101,9,QGFAYSVKA,0,0.077
Homo sapiens,HLA-DRB1*0101,9,DDGLDLPSA,0,0.063
Homo sapiens,HLA-DRB1*0101,9,VEFGRRPGT,0,0.036
Homo sapiens,HLA-DRB1*0101,9,SALFAMFQV,0,0.121
Homo sapiens,HLA-DRB1*0101,9,LRAIDRLVP,0,0.081
Homo sapiens,HLA-DRB1*0101,9,VDPSTGDRE,0,0.023
Homo sapiens,HLA-DRB1*0101,9,GQGTSPLLT,0,0.074
Homo sapiens,HLA-DRB1*0101,9,RVNDVDPAT,0,0.011
Homo sapiens,HLA-DRB1*0101,9,QVSKHVRRG,0,0.025
Homo sapiens,HLA-DRB1*0101,9,KTQPPGADT,0,0.017
Homo sapiens,HLA-DRB1*0101,9,GQTYEVNEP,0,0.006
Homo sapiens,HLA-DRB1*0101,9,TSYECAPLT,0,0.11
Homo sapiens,HLA-DRB1*0101,9,DARAATDGS,0,0.013
Homo sapiens,HLA-DRB1*0101,9,PEAVRRRLF,0,0.051
Homo sapiens,HLA-DRB1*0101,10,TEALDEDFDR,0,0.051
Homo sapiens,HLA-DRB1*0101,10,AQSRGRSMTV,0,0.094
Homo sapiens,HLA-DRB1*0101,10,TTPLKRNEVK,0,0.174
Homo sapiens,HLA-DRB1*0101,10,FFGCLPDFFW,0,0.297
Homo sapiens,HLA-DRB1*0101,11,TPSDGSPASNR,0,0.076
Homo sapiens,HLA-DRB1*0101,11,PDPAETEYAAE,0,0.099
Homo sapiens,HLA-DRB1*0101,12,SLPPPERGPGTA,0,0.043
