allele,peptide,binder,length,positiveNumber,immunogenicity,ic50,NetMHC4_ic50,log50k
H-2-Kb,NNIFRTNL,1,8,8,Major,161.89,2165.4,0.290155475
H-2-Db,YSQVNKRYI,1,9,8,Major,32,42.8,0.652808218
H-2-Db,VGPSNSPTF,1,9,8,Major,3.9,516,0.422713978
H-2-Kb,STLNFNNL,1,8,8,Major,12,4.7,0.856969111
H-2-Kb,SIYGFGVTF,1,9,8,Major,0.5,116.3,0.560418621
H-2-Db,SQIVDDDFI,1,9,8,Major,1.37,21.2,0.717739024
H-2-Db,TGPVGQLWM,1,9,8,Major,144.18,5605.7,0.202244354
H-2-Db,RTTVTTTSYN,1,10,8,Major,133.72,44083.3,0.011639978
H-2-Db,SAPMNVDNLIMIV,1,13,8,Major,7.18,98.1,0.57614775
H-2-Kb,VTKYYINL,1,8,8,Major,3.56,13.2,0.761527754
H-2-Db,IGMFNLTFI,1,9,8,Major,0.34,10.6,0.781801998
H-2-Db,FKLILAEYI,1,9,8,Major,3.85,1529.5,0.322287761
H-2-Kb,SDLFPSFVRL,1,10,8,Major,0.5,1056,0.356526235
H-2-Kb,KNYLFNAI,1,8,8,Major,1.92,9.2,0.794893812
H-2-Kb,VISDLFPSFVRL,1,12,8,Major,0.72,219.9,0.501544971
H-2-Kb,LSYIYNML,1,8,8,Major,0.5,2.9,0.901595882
H-2-Kb,ITYRFYLINL,1,10,8,Major,0.5,4.4,0.863065166
H-2-Kb,SIYQYVRL,1,8,8,Major,8.2,2.2,0.927128141
H-2-Kb,KSYNYMLL,1,8,8,Major,2.7,2.3,0.923019761
H-2-Kb,INVEYRFL,1,8,8,Major,2.4,11.8,0.771890009
H-2-Kb,ITYRFYLI,1,8,8,Major,6.2,3.6,0.881611821
H-2-Kb,AAFEFINSL,1,9,8,Major,0.61,15.6,0.746088058
H-2-Kb,TSYKFESV,1,8,8,Major,1.1,6.8,0.822831618
H-2-Kb,SIFRFLNI,1,8,8,Major,1.2,4.3,0.865189934
H-2-Db,FAIKNTDDV,1,9,8,Major,7.3,7.8,0.810151033
H-2-Kb,VIYIFTVRL,1,9,8,Major,0.85,6.2,0.831369068
H-2-Db,YSLPNAGDVI,1,10,8,Major,8.4,10.8,0.780074409
H-2-Kb,LNFRFENV,1,8,8,Major,0.84,7.4,0.815016542
H-2-Kb,SRISRFANL,1,9,8,Major,0.5,16.3,0.74203121
H-2-Db,YSPSNHHILL,1,10,8,Major,1.26,44.1,0.650042757
H-2-Db,SSYTNQTLS,1,9,8,Major,227.91,831.9,0.378572087
H-2-Db,SAPMNVDNLIM,1,11,8,Major,3.95,41.5,0.655658986
H-2-Db,YAHINALEYI,1,10,8,Major,0.5,5.2,0.84762547
H-2-Kb,DLFPSFVRL,1,9,8,Major,2.13,1325.7,0.335504323
H-2-Kb,RISRFANL,1,8,8,Major,2.1,8,0.807811076
H-2-Db,NLIRNRDYI,1,9,8,Major,21,16.6,0.740345632
H-2-Kb,LGYIIRYPV,1,9,8,Major,34.98,759.8,0.386950909
H-2-Kb,IIIPFIAYF,1,9,8,Major,0.5,57.5,0.62552052
H-2-Kb,SAVDFLERL,1,9,8,Major,1.24,46.8,0.644550646
H-2-Db,YAPVSPIV,1,8,8,Major,-,17518.4,0.096930937
H-2-Db,ASNVNADII,1,9,8,Major,-,10.3,0.784455482
H-2-Db,CYSLPNAGDVI,1,11,8,Major,245.3,50.9,0.63678896
H-2-Db,PSIIYSMSI,1,9,8,Major,161.98,34077,0.035435138
H-2-Kb,TIIEAYNL,1,8,7,Major,3.11,227.8,0.498282875
H-2-Kb,AIVNYANL,1,8,7,Major,0.77,4.5,0.86098815
H-2-Db,YAVINRNVL,1,9,7,Major,5.9,3.4,0.886894593
H-2-Kb,VHIYFVSL,1,8,7,Major,0.5,22.3,0.713063743
H-2-Db,NQMVNTVLI,1,9,7,Major,0.5,15.9,0.74432756
H-2-Db,SAPMNVDNLI,1,10,7,Major,3.27,10.2,0.78535718
H-2-Kb,YTLIYRQL,1,8,7,Major,6,19.7,0.724521283
H-2-Kb,TVYVFPNT,1,8,7,Major,1.55,21.5,0.716440314
H-2-Db,YSPSNHHIL,1,9,7,Major,12,9.7,0.790002547
H-2-Db,YAPVSPIVI,1,9,7,Major,1.4,42.2,0.65411304
H-2-Db,LNYVDYNI,1,8,7,Major,"40,633.00",29224.4,0.04963309
H-2-Db,MMINPFMI,1,8,7,Major,"1,096.50",3407.2,0.248261295
H-2-Kb,MMINPFMI,1,8,7,Major,"1,096.50",1672.5,0.31402709
H-2-Kb,NTYLFNIL,1,8,7,Major,0.5,33.5,0.675451257
H-2-Db,SMYCSKTFL,1,9,7,Major,15,141.1,0.542553578
H-2-Kb,INFEFVCL,1,8,7,Major,7.5,6.7,0.824200878
H-2-Db,NCINNTIAL,1,9,7,Major,"2,220.00",1455.6,0.326864814
H-2-Kb,IMFSKSLNF,1,9,6,Major,1.32,61.8,0.618855095
H-2-Kb,MALLFKNL,1,8,6,Major,0.91,6.2,0.831369068
H-2-Kb,VFIDIREL,1,8,6,Major,0.5,2115.3,0.292318962
H-2-Kb,FPSFVRL,1,7,6,Major,43.34,50000,0
H-2-Db,SAPMNVDNL,1,9,6,Major,2.6,5.2,0.84762547
H-2-Db,SAPMNVDNLIMI,1,12,6,Major,1.73,40.8,0.657231231
H-2-Kb,LMYDIINSV,1,9,6,Major,1.2,576.9,0.41240303
H-2-Kb,EVVEIFKHL,1,9,6,Major,"1,937.00",5265.9,0.208023758
H-2-Db,ISVANKIYM,1,9,6,Major,5.3,14.1,0.755431699
H-2-Kb,SVYLHTNL,1,8,5,Major,0.93,3.6,0.881611821
H-2-Db,GSPTNLEFI,1,9,5,Major,0.5,9,0.796925175
H-2-Kb,ICVMDLNI,1,8,5,Major,83.67,15529.3,0.108070093
H-2-Db,TMMINPFMI,1,9,5,Major,7.9,31.7,0.680555683
H-2-Kb,TIVDFLSRL,1,9,5,Major,0.5,28.3,0.691041561
H-2-Kb,SQYEYTTV,1,8,5,Major,0.5,12.3,0.768054465
H-2-Db,FLMMNKDEL,1,9,5,Major,6.6,34.4,0.673001011
H-2-Kb,VSLDYINTM,1,9,5,Major,0.94,47.4,0.643373263
H-2-Kb,VMVTITQNV,1,9,5,Major,0.5,782.6,0.384218277
H-2-Db,YGVSNFKIGM,1,10,5,Major,3.8,672.2,0.398272705
H-2-Kb,LMYIFAAL,1,8,5,Major,0.86,2.2,0.927128141
H-2-Db,ALPTNEFISFL,1,11,5,Major,79.21,2980.1,0.26063992
H-2-Db,SKWLNPACM,1,9,5,Major,-,1203.8,0.344419237
H-2-Kb,KVFSFWLL,1,8,5,Major,96,68.5,0.609341926
H-2-Kb,FIYTYDRV,1,8,5,Major,13,20,0.723124431
H-2-Db,YMLENIQVM,1,9,5,Major,3.2,5.6,0.840776164
H-2-Kb,VENNIDFLKD,0,10,4,Minor,61.67,33197.8,0.037850997
H-2-Db,LFKNLATSI,0,9,4,Minor,"1,189.51",37408.6,0.026814078
H-2-Db,NSIINIAKL,0,9,4,Minor,58.34,56.7,0.626815439
H-2-Kb,TIQRFSSL,0,8,4,Minor,1.06,10.7,0.780934167
H-2-Db,VTIINRDHF,0,9,4,Minor,5.33,276.1,0.480510324
H-2-Db,LYVNNLSLI,0,9,4,Minor,"9,656.65",6789.3,0.184539379
H-2-Db,SAPFDSVFYL,0,10,4,Minor,0.5,640.8,0.402694101
H-2-Db,NAVSNKYEL,0,9,4,Minor,0.79,16.2,0.742599971
H-2-Db,APGSPTNLEFI,0,11,4,Minor,14.04,60,0.621587018
H-2-Kb,IHYLFRCV,0,8,4,Minor,6.9,14.7,0.751580169
H-2-Db,VTMINTLEFI,0,10,4,Minor,221,108.7,0.566664707
H-2-Kb,FNPSVLKIL,0,9,4,Minor,"2,578.00",5761.1,0.199717085
H-2-Db,VNNMRFKIEN,0,10,4,Minor,98.28,45164.3,0.009400937
H-2-Db,MRSLIIVLLFP,0,11,4,Minor,586.31,42111.2,0.015869943
H-2-Db,FIVLSQAGL,0,9,4,Minor,40.6,20485.9,0.082468063
H-2-Db,PNTSIKEIK,0,9,3,Minor,68.09,49161.5,0.001563083
H-2-Db,FQVVNPHLL,0,9,3,Minor,0.93,13.3,0.760830216
H-2-Kb,FQVVNPHLL,0,9,3,Minor,117,6683.1,0.185996515
H-2-Kb,ALCTYSMNTI,0,10,3,Minor,"2,080.78",13184.7,0.123197158
H-2-Kb,IIAVFDSKL,0,9,3,Minor,6.81,117.9,0.559155772
H-2-Db,FMRTDMLQNM,0,10,3,Minor,1.5,10378.4,0.145316867
H-2-Kb,VNIDQTTPM,0,9,3,Minor,41.01,608.5,0.407474281
H-2-Kb,SQYYFSML,0,8,3,Minor,0.5,2.9,0.901595882
H-2-Db,SMYVIPDEL,0,9,3,Minor,6.33,1589.9,0.318708184
H-2-Kb,IMIEISNV,0,8,3,Minor,12.12,243,0.492312938
H-2-Db,SQGTNPHMI,0,9,3,Minor,62.98,151.7,0.535858799
H-2-Db,IAIVNYANL,0,9,3,Minor,0.5,8.2,0.805528903
H-2-Db,VLFINSIHA,0,9,3,Minor,107.58,14580.6,0.113896153
H-2-Kb,TNLEYKTL,0,8,3,Minor,2.95,65.6,0.613339979
H-2-Kb,MITMSAFL,0,8,3,Minor,186.26,1206.8,0.344189195
H-2-Db,VTIRNVTHI,0,9,3,Minor,0.5,15.8,0.744910675
H-2-Db,RMNSNQVCI,0,9,3,Minor,20,28.3,0.691041561
H-2-Kb,LLPSHSTVL,0,9,3,Minor,-,4581.6,0.220889436
H-2-Db,KYLIIKLLL,0,9,3,Minor,471.44,36752.7,0.028448948
H-2-Db,IIDLTGRVRYLT,0,12,3,Minor,-,39518.5,0.021742968
H-2-Db,DIKNLLTACTI,0,11,3,Minor,27.16,28218.3,0.052870982
H-2-Db,AQDYDQYI,0,8,2,Minor,"8,268.34",30780.3,0.044839009
H-2-Db,QSPVNIFKL,0,9,2,Minor,3.61,79.2,0.595927367
H-2-Db,YGIENTDSI,0,9,2,Minor,0.5,4.8,0.855023285
H-2-Db,YIDHIVNI,0,8,2,Minor,"17,794.14",39857.7,0.020953054
H-2-Kb,SSIRFIAC,0,8,2,Minor,13.97,135.9,0.546024032
H-2-Db,RSTINGEQI,0,9,2,Minor,59.04,213.1,0.504448114
H-2-Kb,LRYLLFGI,0,8,2,Minor,297.29,3586.2,0.243529007
H-2-Kb,MSMKYLML,0,8,2,Minor,0.8,10.9,0.779222575
H-2-Kb,EQFTFSNV,0,8,2,Minor,1.76,153.3,0.534889103
H-2-Db,TNVVNISTI,0,9,2,Minor,9.98,54.8,0.629965597
H-2-Db,KTVTNLISETL,0,11,2,Minor,2.13,1296.5,0.337562802
H-2-Kb,VNKYFENPL,0,9,2,Minor,27.26,50.7,0.637152832
H-2-Kb,KQYIVATL,0,8,2,Minor,0.5,67.1,0.61125044
H-2-Kb,KCIEYVTL,0,8,2,Minor,808.17,1293.1,0.337805496
H-2-Db,NTPNNTTTI,0,9,2,Minor,73.93,54.8,0.629965597
H-2-Db,ITQYLDFL,0,8,2,Minor,"1,189.95",17475.2,0.097159133
H-2-Db,LSSIVDAP,0,8,2,Minor,"15,482.88",48110.7,0.003559999
H-2-Kb,DVTTFLSM,0,8,2,Minor,"2,600.16",9656.7,0.151978256
H-2-Db,WTLDNGHVL,0,9,2,Minor,-,2115,0.292332071
H-2-Kb,GLLSDHKSN,0,9,2,Minor,-,42494.7,0.015032068
H-2-Db,SFLLLTSIPI,0,10,2,Minor,-,7677.3,0.173178695
H-2-Db,FWFKNTQFDI,0,10,2,Minor,"1,194.00",2099.2,0.293025107
H-2-Db,YSMATARSL,0,9,2,Minor,-,3521.6,0.245209052
H-2-Db,FTIQNNTKL,0,9,2,Minor,28,41.8,0.654993269
H-2-Db,SPDVLIVVSRHLT,0,13,2,Minor,843.45,42048.3,0.016008096
H-2-Db,IVEEYPDD,0,8,2,Minor,"66,272.28",48596.2,0.002632001
H-2-Db,YTKPYYGN,0,8,2,Minor,-,48692.5,0.002449033
H-2-Db,STILNSIDI,0,9,1,Minor,0.5,100.8,0.573638365
H-2-Db,NSNINIIHI,0,9,1,Minor,17.14,167.3,0.526812059
H-2-Kb,TIFKYIGL,0,8,1,Minor,1.47,4.9,0.853117581
H-2-Db,VVIKNSDYI,0,9,1,Minor,0.9,14,0.756089519
H-2-Db,TSSINLSYI,0,9,1,Minor,0.86,95.7,0.57843699
H-2-Kb,SFIEVISL,0,8,1,Minor,0.5,960.4,0.365296618
H-2-Db,LGPLFK,0,6,1,Minor,"1,738.53",50000,0
H-2-Db,VGINLVEKI,0,9,1,Minor,510.1,6578.5,0.187454511
H-2-Db,FTLINEEML,0,9,1,Minor,7.5,76.2,0.599496279
H-2-Db,KSLVNLEIL,0,9,1,Minor,9.01,10,0.787187405
H-2-Db,VGPNNTRSI,0,9,1,Minor,29.11,1339,0.334581712
H-2-Db,KTVKNVDII,0,9,1,Minor,2.48,92.2,0.581880514
H-2-Db,SNLKHIGNHI,0,10,1,Minor,700.24,19175.4,0.088578044
H-2-Db,YAIDVTKVNPL,0,11,1,Minor,72.84,1255.1,0.340562224
H-2-Db,NMFAANRDNVA,0,11,1,Minor,78.95,14000.9,0.117645793
H-2-Db,LSHFYPAV,0,8,1,Minor,"51,512.22",30145.5,0.046765038
H-2-Db,NLSLGKSPLPSL,0,12,1,Minor,"2,387.33",31001.6,0.044176893
H-2-Db,SMSQELAEL,0,9,1,Minor,302.14,14465,0.114631838
H-2-Db,KSIEIAKEL,0,9,1,Minor,"3,614.10",19944.8,0.084942087
H-2-Db,FSYLMKDKL,0,9,1,Minor,28.2,422.5,0.441191003
H-2-Db,SAVINNMQI,0,9,1,Minor,0.5,28.7,0.68974437
H-2-Kb,LVSRNYQML,0,9,1,Minor,254,368.3,0.453879953
H-2-Kb,SVVNVISNL,0,9,1,Minor,-,423.6,0.440950687
H-2-Kb,VLLPFYETL,0,9,1,Minor,7.8,30.4,0.684425825
H-2-Db,VSVMNFIPI,0,9,1,Minor,-,6.4,0.828434748
H-2-Kb,IPLKYIVL,0,8,1,Minor,490,746,0.388644996
H-2-Kb,KEKSVKFI,0,8,1,Minor,465.62,40523,0.019423068
H-2-Kb,MGGGVSVELP,0,10,1,Minor,"16,665.77",31212.6,0.043549982
H-2-Kb,MDSKETIL,0,8,1,Minor,65.82,30376.3,0.046060122
H-2-Kb,LQNVMISIL,0,9,0,Non,268.76,7062.7,0.180890545
H-2-Db,SGVTHIDPL,0,9,0,Non,7.32,101.3,0.57318105
H-2-Db,GTVVNKEAI,0,9,0,Non,4.99,134.5,0.546981087
H-2-Db,NMFVIDGRFDFL,0,12,0,Non,"9,257.52",5603.4,0.202282283
H-2-Kb,KVIGFVSI,0,8,0,Non,18.47,1154.9,0.348251983
H-2-Kb,KAIDFSQM,0,8,0,Non,11.38,100.2,0.574190148
H-2-Kb,RQGSSPIL,0,8,0,Non,552.28,25039.8,0.063915954
H-2-Db,ISISDAENM,0,9,0,Non,42.2,799.2,0.382278356
H-2-Db,ASLKNFKEL,0,9,0,Non,6.72,161.5,0.530073075
H-2-Kb,SSFTKMAEI,0,9,0,Non,10.64,63.6,0.616201611
H-2-Db,ISIKLTDSL,0,9,0,Non,106.01,713.2,0.392800692
H-2-Db,SMLSNLTNL,0,9,0,Non,0.62,8.2,0.805528903
H-2-Kb,ALYYVHSL,0,8,0,Non,0.94,599.7,0.408820647
H-2-Kb,INYVETKYF,0,9,0,Non,4.12,684.1,0.396650843
H-2-Kb,SITNKADTSSF,0,11,0,Non,"6,292.53",20809.9,0.081017757
H-2-Kb,VIYDFLVKT,0,9,0,Non,2.31,192.2,0.513988516
H-2-Db,SGGGNLTEI,0,9,0,Non,61.9,257.5,0.486956241
H-2-Db,STLSVVHEL,0,9,0,Non,"1,846.14",13211.3,0.123010883
H-2-Db,IAPRSGLSL,0,9,0,Non,150.33,2784.3,0.266921044
H-2-Db,AAIRGNDVI,0,9,0,Non,10.75,104.4,0.570395109
H-2-Db,GIGVQGLADAF,0,11,0,Non,110.02,30244.8,0.046461094
H-2-Db,TQNVNAAHL,0,9,0,Non,7.93,101.8,0.572725985
H-2-Kb,SSFVKKFGL,0,9,0,Non,4.89,51.3,0.636065486
H-2-Db,LSQQNSDSI,0,9,0,Non,34.88,280,0.479213949
H-2-Kb,SQFSYKEL,0,8,0,Non,2.13,26.8,0.696074929
H-2-Kb,VNLAYSKL,0,8,0,Non,0.5,5.4,0.844137383
H-2-Db,VGEINHDLL,0,9,0,Non,11.15,2128,0.291765723
H-2-Kb,ECKTHASSI,0,9,0,Non,295.52,29380.1,0.04914199
H-2-Db,QIETGTPFIL,0,10,0,Non,"12,878.33",39175.4,0.022548892
H-2-Db,TGINNVQSL,0,9,0,Non,34.23,193.2,0.513508892
H-2-Db,SSFYNYVMKI,0,10,0,Non,-,507.5,0.424249135
H-2-Kb,TSLVFETL,0,8,0,Non,7.8,12.2,0.768808945
H-2-Kb,VLYNGVNYL,0,9,0,Non,-,359.7,0.456063683
H-2-Kb,STREYLKL,0,8,0,Non,45,62.4,0.617962109
H-2-Db,SQLDNLCTEM,0,10,0,Non,-,324.1,0.46569588
H-2-Db,CSKTVKNVDI,0,10,0,Non,-,39322.3,0.02220297
H-2-Db,TSNVITDQTV,0,10,0,Non,"1,277.00",21479.4,0.078091126
H-2-Db,YGLEINMTI,0,9,0,Non,-,7087.2,0.18057049
H-2-Kb,GLYIHYNL,0,8,0,Non,-,214.9,0.503670716
H-2-Kb,SWFDFKSCL,0,9,0,Non,-,47.8,0.642596591
H-2-Kb,PIPYYYLPL,0,9,0,Non,-,196.3,0.512037681
H-2-Kb,LFPDDVQEL,0,9,0,Non,-,18958,0.089631874
H-2-Db,CAIKALMQL,0,9,0,Non,-,9988.7,0.148854118
H-2-Db,IVYKDCAKL,0,9,0,Non,-,16814.5,0.100721232
H-2-Db,STLSTQEAL,0,9,0,Non,"1,973.00",5024.7,0.212357148
