species,allele,length,source,peptide,binder,log50k
Homo sapiens,HLA-A*11:01,9,natural,CILGKLFTK,1,0.1431
Homo sapiens,HLA-A*02:01,10,natural,FIASNGVKLV,1,0.506
Homo sapiens,HLA-B*35:01,9,natural,FPSDSWCYF,1,0.1158
Homo sapiens,HLA-A*11:01,9,natural,AVCPWTWLR,1,0.1146
Homo sapiens,HLA-A*02:01,9,natural,ILDKVLVHL,1,0.7372
Homo sapiens,HLA-A*02:01,9,natural,GLFGDIYLA,1,0.8339
Homo sapiens,HLA-A*03:01,10,natural,KILDAVVAQK,1,0.0773
Homo sapiens,HLA-A*68:01,9,natural,ETVSEQSNV,1,0.0869
Homo sapiens,HLA-A*02:01,10,natural,SLADEAEVYL,1,0.7152
Homo sapiens,HLA-A*01:01,9,natural,YTDFHCQYV,1,0.6436
Homo sapiens,HLA-A*02:01,10,natural,ACDPHSGHFV,1,0.1048
Homo sapiens,HLA-A*03:01,10,natural,TLDWLLQTPK,1,0.1294
Homo sapiens,HLA-A*24:02,9,natural,SYLDSGIHF,1,0.0659
Homo sapiens,HLA-A*02:01,9,natural,ILNAMIAKI,1,0.655
Homo sapiens,HLA-A*02:01,10,natural,SLFEGIDIYT,1,0.7232
Homo sapiens,HLA-A*11:01,9,natural,KTLTSVFQK,1,0.0645
Homo sapiens,HLA-A*02:01,9,natural,FLDEFMEGV,1,0.9213
Homo sapiens,HLA-B*44:02,9,natural,AEPINIQTW,1,0.0261
Homo sapiens,HLA-B*44:02,9,natural,EEKLIVVLF,1,0.0204
Homo sapiens,HLA-B*44:02,11,natural,SELFRSGLDSY,1,0.0355
Homo sapiens,HLA-C*06:02,9,natural,FRSGLDSYV,1,0.1412
Homo sapiens,HLA-A*68:01,9,natural,EAFIQPITR,1,0.039
Homo sapiens,HLA-A*01:01,11,natural,FLEGNEVGKTY,1,0.0899
Homo sapiens,HLA-B*44:02,9,natural,KELEGILLL,1,0.3143
Homo sapiens,HLA-C*14:02,8,natural,CYMEAVAL,1,0.068
Homo sapiens,HLA-B*07:02,9,natural,RPHVPESAF,1,0.025
Homo sapiens,HLA-A*01:01,10,natural,ILDTAGREEY,1,0.0779
Homo sapiens,HLA-A*03:01,9,natural,KIFSEVTLK,1,0.0896
Homo sapiens,HLA-B*38:01,9,natural,SHETVIIEL,1,0.0634
Homo sapiens,HLA-B*08:01,9,natural,GFKQSSKAL,1,0.0253
Homo sapiens,HLA-A*03:01,9,natural,KINKNPKYK,1,0.0255
Homo sapiens,HLA-A*02:01,9,natural,SSKALQRPV,1,0.0781
Homo sapiens,HLA-A*02:01,9,natural,RIAECILGM,1,0.4937
Homo sapiens,HLA-A*02:01,9,natural,FLIIWQNTM,1,0.6309
Homo sapiens,HLA-A*02:01,9,natural,FLIIWQNTM,1,0.6309
Homo sapiens,HLA-A*02:01,9,natural,FLIIWQNTM,1,0.6309
Homo sapiens,HLA-A*01:01,10,natural,YVDFREYEYY,1,0.0983
Homo sapiens,HLA-A*02:01,10,natural,SLYKFSPFPL,1,0.7522
Homo sapiens,HLA-A*02:01,9,natural,VVMSWAPPV,1,0.843
Homo sapiens,HLA-A*02:01,9,natural,VVPCEPPEV,1,0.3722
Homo sapiens,HLA-A*02:01,10,natural,LLLDDLLVSI,1,0.7687
Homo sapiens,HLA-B*35:01,9,natural,VVVGAVGVG,1,0.0344
Homo sapiens,HLA-B*07:02,10,natural,QRPYGYDQIM,1,0.0366
Homo sapiens,HLA-A*02:01,9,natural,RLSSCVPVA,1,0.5613
Homo sapiens,HLA-C*08:02,9,natural,GADGVGKSA,1,0.0448
Homo sapiens,HLA-C*08:02,10,natural,GADGVGKSAL,1,0.0663
Homo sapiens,HLA-A*02:01,9,natural,VVPCEPPEV,1,0.3722
Homo sapiens,HLA-A*11:01,8,artificial,AVLHAQQA,0,0.0349
Homo sapiens,HLA-A*11:01,8,artificial,PGARHKPF,0,0.0071
Homo sapiens,HLA-A*11:01,8,artificial,APVVALRR,0,0.0121
Homo sapiens,HLA-A*11:01,8,artificial,EGNAGRVG,0,0.0061
Homo sapiens,HLA-A*11:01,8,artificial,SRGGLALR,0,0.0172
Homo sapiens,HLA-A*11:01,9,artificial,ALDTYVVTP,0,0.2308
Homo sapiens,HLA-A*11:01,9,artificial,RPAYAVLLG,0,0.0339
Homo sapiens,HLA-A*11:01,9,artificial,TADSVKAIQ,0,0.0203
Homo sapiens,HLA-A*11:01,9,artificial,SSLATPGAE,0,0.0274
Homo sapiens,HLA-A*11:01,9,artificial,ALESETGPT,0,0.1176
Homo sapiens,HLA-A*11:01,10,artificial,NGGFSGDMPN,0,0.02
Homo sapiens,HLA-A*11:01,10,artificial,WQKQKRSRVH,0,0.0131
Homo sapiens,HLA-A*11:01,10,artificial,VAAAAAAGLP,0,0.0477
Homo sapiens,HLA-A*11:01,10,artificial,KEGRAYVAHL,0,0.052
Homo sapiens,HLA-A*11:01,10,artificial,AGGVSSLHDS,0,0.0191
Homo sapiens,HLA-A*11:01,11,artificial,ADDSTVIVGRV,0,0.0436
Homo sapiens,HLA-A*11:01,11,artificial,PVGPLVKARRL,0,0.0207
Homo sapiens,HLA-A*11:01,11,artificial,AQLPPVPAEST,0,0.0921
Homo sapiens,HLA-A*11:01,11,artificial,AAARRTGHVAL,0,0.0507
Homo sapiens,HLA-A*11:01,11,artificial,TYRVALLRARY,0,0.0279
Homo sapiens,HLA-A*02:01,8,artificial,RLITVLGF,0,0.144
Homo sapiens,HLA-A*02:01,8,artificial,AGKAHVRW,0,0.0094
Homo sapiens,HLA-A*02:01,8,artificial,SVVLSRGV,0,0.0586
Homo sapiens,HLA-A*02:01,8,artificial,PAAGPAAR,0,0.0097
Homo sapiens,HLA-A*02:01,8,artificial,ALDETARL,0,0.2628
Homo sapiens,HLA-A*02:01,9,artificial,YGSFAVVLL,0,0.2638
Homo sapiens,HLA-A*02:01,9,artificial,LPLGLADVA,0,0.0472
Homo sapiens,HLA-A*02:01,9,artificial,DATLRILLN,0,0.0168
Homo sapiens,HLA-A*02:01,9,artificial,TLALGHRAL,0,0.249
Homo sapiens,HLA-A*02:01,9,artificial,VAREPTASA,0,0.0832
Homo sapiens,HLA-A*02:01,10,artificial,HTVDGQRQAV,0,0.1072
Homo sapiens,HLA-A*02:01,10,artificial,TWPDVLGQVR,0,0.0305
Homo sapiens,HLA-A*02:01,10,artificial,PGAARAVFPD,0,0.0173
Homo sapiens,HLA-A*02:01,10,artificial,FSDLMLAGAT,0,0.1475
Homo sapiens,HLA-A*02:01,10,artificial,GVTLDGPPTH,0,0.0248
Homo sapiens,HLA-A*02:01,11,artificial,RRAAALHDTER,0,0.0212
Homo sapiens,HLA-A*02:01,11,artificial,RWKSGLVGLVT,0,0.0326
Homo sapiens,HLA-A*02:01,11,artificial,RGDFQDGKLGE,0,0.0122
Homo sapiens,HLA-A*02:01,11,artificial,VRVSKGPTSAV,0,0.0624
Homo sapiens,HLA-A*02:01,11,artificial,IREAAVLDALV,0,0.1318
Homo sapiens,HLA-B*35:01,8,artificial,VMATTVVG,0,0.0703
Homo sapiens,HLA-B*35:01,8,artificial,GAFGLFEI,0,0.2053
Homo sapiens,HLA-B*35:01,8,artificial,SDRKAAAR,0,0.0097
Homo sapiens,HLA-B*35:01,8,artificial,AVLSVNSD,0,0.0137
Homo sapiens,HLA-B*35:01,8,artificial,QTRQDAGA,0,0.0129
Homo sapiens,HLA-B*35:01,9,artificial,GRLFEPGGV,0,0.0464
Homo sapiens,HLA-B*35:01,9,artificial,EDINPAYRA,0,0.0219
Homo sapiens,HLA-B*35:01,9,artificial,NALVVRVGL,0,0.1304
Homo sapiens,HLA-B*35:01,9,artificial,RAELSPADL,0,0.0471
Homo sapiens,HLA-B*35:01,9,artificial,IRVLRSREA,0,0.0198
Homo sapiens,HLA-B*35:01,10,artificial,GASERDTIIG,0,0.0187
Homo sapiens,HLA-B*35:01,10,artificial,LPGAGAPDRV,0,0.0432
Homo sapiens,HLA-B*35:01,10,artificial,ADNGRAGVAI,0,0.0317
Homo sapiens,HLA-B*35:01,10,artificial,AHGGYDGVTV,0,0.0566
Homo sapiens,HLA-B*35:01,10,artificial,RVIEDAWRVD,0,0.3133
Homo sapiens,HLA-B*35:01,11,artificial,FDWQLKTAIYL,0,0.4197
Homo sapiens,HLA-B*35:01,11,artificial,GADDDRLFDFA,0,0.0611
Homo sapiens,HLA-B*35:01,11,artificial,APPTLPELECK,0,0.0185
Homo sapiens,HLA-B*35:01,11,artificial,DSIDYPAAILP,0,0.0409
Homo sapiens,HLA-B*35:01,11,artificial,AARAEYGVDRI,0,0.0284
Homo sapiens,HLA-A*03:01,8,artificial,SKAAGDAE,0,0.0055
Homo sapiens,HLA-A*03:01,8,artificial,ARPSHGFP,0,0.0092
Homo sapiens,HLA-A*03:01,8,artificial,FTQLARVD,0,0.0146
Homo sapiens,HLA-A*03:01,8,artificial,ADAQWREV,0,0.0221
Homo sapiens,HLA-A*03:01,8,artificial,TIGDVLRE,0,0.0193
Homo sapiens,HLA-A*03:01,9,artificial,FGLTYIYAP,0,0.131
Homo sapiens,HLA-A*03:01,9,artificial,AVHPARDHP,0,0.0184
Homo sapiens,HLA-A*03:01,9,artificial,GDGVSTPSG,0,0.0064
Homo sapiens,HLA-A*03:01,9,artificial,RDHNREDKT,0,0.0067
Homo sapiens,HLA-A*03:01,9,artificial,LEVLSHTRM,0,0.0323
Homo sapiens,HLA-A*03:01,10,artificial,GATLNYALGA,0,0.2045
Homo sapiens,HLA-A*03:01,10,artificial,YWRAALLKLG,0,0.0382
Homo sapiens,HLA-A*03:01,10,artificial,GIPPGLFDDR,0,0.027
Homo sapiens,HLA-A*03:01,10,artificial,PPSYAEPERR,0,0.0107
Homo sapiens,HLA-A*03:01,10,artificial,ETELAIELAR,0,0.034
Homo sapiens,HLA-A*03:01,11,artificial,AAWLGTDLDDK,0,0.0308
Homo sapiens,HLA-A*03:01,11,artificial,IQVWAEPLLDD,0,0.0515
Homo sapiens,HLA-A*03:01,11,artificial,LLESVTTATGW,0,0.0623
Homo sapiens,HLA-A*03:01,11,artificial,GATRLLPLLTR,0,0.0373
Homo sapiens,HLA-A*03:01,11,artificial,GDAVDPAVVSR,0,0.0212
Homo sapiens,HLA-A*68:01,8,artificial,TKGLPLSA,0,0.0137
Homo sapiens,HLA-A*68:01,8,artificial,AGREVTKA,0,0.0142
Homo sapiens,HLA-A*68:01,8,artificial,LAEVLELD,0,0.0172
Homo sapiens,HLA-A*68:01,8,artificial,ETRDAVDG,0,0.0071
Homo sapiens,HLA-A*68:01,8,artificial,ERRGLSKD,0,0.0028
Homo sapiens,HLA-A*68:01,9,artificial,KVSPALGNA,0,0.2246
Homo sapiens,HLA-A*68:01,9,artificial,SDRLTTRVP,0,0.0081
Homo sapiens,HLA-A*68:01,9,artificial,VKHKASAGL,0,0.0282
Homo sapiens,HLA-A*68:01,9,artificial,RGLGTSTVA,0,0.0654
Homo sapiens,HLA-A*68:01,9,artificial,PRWLVRTST,0,0.0156
Homo sapiens,HLA-A*68:01,10,artificial,DQRGILTLIG,0,0.038
Homo sapiens,HLA-A*68:01,10,artificial,DSVAEMKNGS,0,0.0204
Homo sapiens,HLA-A*68:01,10,artificial,FALELPKGAE,0,0.0583
Homo sapiens,HLA-A*68:01,10,artificial,VVDAATPRAR,0,0.0406
Homo sapiens,HLA-A*68:01,10,artificial,YPSRVLLSEV,0,0.1426
Homo sapiens,HLA-A*68:01,11,artificial,MLVPPLGLVLV,0,0.662
Homo sapiens,HLA-A*68:01,11,artificial,WLRRSQILRLF,0,0.0848
Homo sapiens,HLA-A*68:01,11,artificial,PVGPGTAESNT,0,0.0118
Homo sapiens,HLA-A*68:01,11,artificial,ESTRPDGVLLS,0,0.0232
Homo sapiens,HLA-A*68:01,11,artificial,PEYLWFIKVTT,0,0.212
Homo sapiens,HLA-A*01:01,8,artificial,KIWIALVG,0,0.0587
Homo sapiens,HLA-A*01:01,8,artificial,KPGAAVFK,0,0.0143
Homo sapiens,HLA-A*01:01,8,artificial,HGVADSDM,0,0.0111
Homo sapiens,HLA-A*01:01,8,artificial,NLREPTHA,0,0.0436
Homo sapiens,HLA-A*01:01,8,artificial,GDQCCLDP,0,0.0068
Homo sapiens,HLA-A*01:01,9,artificial,EWAGLFHHQ,0,0.0176
Homo sapiens,HLA-A*01:01,9,artificial,PLGRGKRLD,0,0.0051
Homo sapiens,HLA-A*01:01,9,artificial,GQHHAQEAG,0,0.0186
Homo sapiens,HLA-A*01:01,9,artificial,AFTRGPALL,0,0.0709
Homo sapiens,HLA-A*01:01,9,artificial,FAVYNSGGG,0,0.0308
Homo sapiens,HLA-A*01:01,10,artificial,TRRLGALAIG,0,0.0163
Homo sapiens,HLA-A*01:01,10,artificial,RMMSGARDGT,0,0.1877
Homo sapiens,HLA-A*01:01,10,artificial,TRHFNNRPMA,0,0.0263
Homo sapiens,HLA-A*01:01,10,artificial,ILTAADASTD,0,0.0553
Homo sapiens,HLA-A*01:01,10,artificial,DTTASHGAMH,0,0.0144
Homo sapiens,HLA-A*01:01,11,artificial,LAQSGAPADSL,0,0.0544
Homo sapiens,HLA-A*01:01,11,artificial,TAAEQFAMVDA,0,0.0726
Homo sapiens,HLA-A*01:01,11,artificial,LTWRTRVRMVS,0,0.0567
Homo sapiens,HLA-A*01:01,11,artificial,PDERALRRSSG,0,0.0036
Homo sapiens,HLA-A*01:01,11,artificial,VAVGASSIDRA,0,0.0394
Homo sapiens,HLA-A*24:02,8,artificial,IDAQRHRP,0,0.0064
Homo sapiens,HLA-A*24:02,8,artificial,EVCADLDT,0,0.011
Homo sapiens,HLA-A*24:02,8,artificial,GLGGEDNS,0,0.0138
Homo sapiens,HLA-A*24:02,8,artificial,ALPDTSTG,0,0.025
Homo sapiens,HLA-A*24:02,8,artificial,HRELVTYL,0,0.0339
Homo sapiens,HLA-A*24:02,9,artificial,ELADHQSTR,0,0.058
Homo sapiens,HLA-A*24:02,9,artificial,APVKNWLTR,0,0.0241
Homo sapiens,HLA-A*24:02,9,artificial,VTYSGAKAP,0,0.0387
Homo sapiens,HLA-A*24:02,9,artificial,TAEAPFMDA,0,0.0716
Homo sapiens,HLA-A*24:02,9,artificial,GETLEARNG,0,0.006
Homo sapiens,HLA-A*24:02,10,artificial,EAWGRGYDRI,0,0.0756
Homo sapiens,HLA-A*24:02,10,artificial,VIPFTISSAA,0,0.2462
Homo sapiens,HLA-A*24:02,10,artificial,VVQVGRKVII,0,0.0834
Homo sapiens,HLA-A*24:02,10,artificial,QLGQSDGELI,0,0.1412
Homo sapiens,HLA-A*24:02,10,artificial,RFPVHNPRED,0,0.0095
Homo sapiens,HLA-A*24:02,11,artificial,ARERVGEVQAN,0,0.0061
Homo sapiens,HLA-A*24:02,11,artificial,RLVHDDRGGHR,0,0.0258
Homo sapiens,HLA-A*24:02,11,artificial,GYGLSILIETV,0,0.3784
Homo sapiens,HLA-A*24:02,11,artificial,RGNYRERELSD,0,0.0067
Homo sapiens,HLA-A*24:02,11,artificial,PSPHAWDHGLV,0,0.0308
Homo sapiens,HLA-B*44:02,8,artificial,GDLRAVLE,0,0.0081
Homo sapiens,HLA-B*44:02,8,artificial,WEQSRQAA,0,0.0096
Homo sapiens,HLA-B*44:02,8,artificial,TSAAPVAL,0,0.0424
Homo sapiens,HLA-B*44:02,8,artificial,ELDEAGRS,0,0.0121
Homo sapiens,HLA-B*44:02,8,artificial,PEAMAVVG,0,0.0058
Homo sapiens,HLA-B*44:02,9,artificial,CPDEAGRVA,0,0.0352
Homo sapiens,HLA-B*44:02,9,artificial,QWLAAAART,0,0.0322
Homo sapiens,HLA-B*44:02,9,artificial,ALDRRGTET,0,0.1086
Homo sapiens,HLA-B*44:02,9,artificial,DMLDAQKTE,0,0.0274
Homo sapiens,HLA-B*44:02,9,artificial,IFLTTYVRP,0,0.0476
Homo sapiens,HLA-B*44:02,10,artificial,VTGILNRYGA,0,0.0993
Homo sapiens,HLA-B*44:02,10,artificial,LTDQEAPSDP,0,0.0167
Homo sapiens,HLA-B*44:02,10,artificial,IVAGRVEVAH,0,0.0451
Homo sapiens,HLA-B*44:02,10,artificial,EKGPHQATVR,0,0.0119
Homo sapiens,HLA-B*44:02,10,artificial,DRPRCLVHGG,0,0.0127
Homo sapiens,HLA-B*44:02,11,artificial,IPVAHSAIGRL,0,0.0406
Homo sapiens,HLA-B*44:02,11,artificial,GRARATLELLR,0,0.0285
Homo sapiens,HLA-B*44:02,11,artificial,ADTLFTLEYEV,0,0.6603
Homo sapiens,HLA-B*44:02,11,artificial,EPTARLRTLRK,0,0.015
Homo sapiens,HLA-B*44:02,11,artificial,GAALDDEDLAV,0,0.2902
Homo sapiens,HLA-C*06:02,8,artificial,RSLMDVLA,0,0.0529
Homo sapiens,HLA-C*06:02,8,artificial,SASVVSYM,0,0.0515
Homo sapiens,HLA-C*06:02,8,artificial,IAKHDANM,0,0.0215
Homo sapiens,HLA-C*06:02,8,artificial,DHKTASTE,0,0.0037
Homo sapiens,HLA-C*06:02,8,artificial,RLSGLAGK,0,0.0481
Homo sapiens,HLA-C*06:02,9,artificial,EYGGHVFDA,0,0.0406
Homo sapiens,HLA-C*06:02,9,artificial,GERDIRAQD,0,0.0061
Homo sapiens,HLA-C*06:02,9,artificial,LLQGEVRIY,0,0.0675
Homo sapiens,HLA-C*06:02,9,artificial,NIRVHAGEQ,0,0.0142
Homo sapiens,HLA-C*06:02,9,artificial,PRRTAAGYT,0,0.0058
Homo sapiens,HLA-C*06:02,10,artificial,HVFPQHASTS,0,0.0559
Homo sapiens,HLA-C*06:02,10,artificial,MEATVGVFEA,0,0.1612
Homo sapiens,HLA-C*06:02,10,artificial,SAVCLPARNT,0,0.0563
Homo sapiens,HLA-C*06:02,10,artificial,PFIGFKDFGM,0,0.1404
Homo sapiens,HLA-C*06:02,10,artificial,RLRYPWGGAS,0,0.1745
Homo sapiens,HLA-C*06:02,11,artificial,EGYVAERLLAE,0,0.0326
Homo sapiens,HLA-C*06:02,11,artificial,DFFGDLRDNNL,0,0.0528
Homo sapiens,HLA-C*06:02,11,artificial,RAAELDAIGDA,0,0.0511
Homo sapiens,HLA-C*06:02,11,artificial,TVGFGPRPVEV,0,0.1191
Homo sapiens,HLA-C*06:02,11,artificial,AAHMAGEVIEA,0,0.3735
Homo sapiens,HLA-C*14:02,8,artificial,VPTMIREL,0,0.0342
Homo sapiens,HLA-C*14:02,8,artificial,AKPLTSEP,0,0.0066
Homo sapiens,HLA-C*14:02,8,artificial,APSRDSPA,0,0.0157
Homo sapiens,HLA-C*14:02,8,artificial,FPVVPPPF,0,0.0399
Homo sapiens,HLA-C*14:02,8,artificial,TVHPYRLT,0,0.0217
Homo sapiens,HLA-C*14:02,9,artificial,ADGDNRDRR,0,0.008
Homo sapiens,HLA-C*14:02,9,artificial,DRYVLLATS,0,0.0214
Homo sapiens,HLA-C*14:02,9,artificial,GFAGLHMAA,0,0.1464
Homo sapiens,HLA-C*14:02,9,artificial,LPFQETALK,0,0.0391
Homo sapiens,HLA-C*14:02,9,artificial,SRGALAVAA,0,0.036
Homo sapiens,HLA-C*14:02,10,artificial,ETVAGQVRED,0,0.0087
Homo sapiens,HLA-C*14:02,10,artificial,RRYAQWAELT,0,0.0501
Homo sapiens,HLA-C*14:02,10,artificial,IRPSDRGVIS,0,0.016
Homo sapiens,HLA-C*14:02,10,artificial,IRVEHDLNRR,0,0.025
Homo sapiens,HLA-C*14:02,10,artificial,LVPRKGRKPR,0,0.0216
Homo sapiens,HLA-C*14:02,11,artificial,GSRAAMAAFAL,0,0.0955
Homo sapiens,HLA-C*14:02,11,artificial,RIDFSAANVKV,0,0.2119
Homo sapiens,HLA-C*14:02,11,artificial,KVQYVFFTVED,0,0.1171
Homo sapiens,HLA-C*14:02,11,artificial,RAKEAPFTTIP,0,0.0314
Homo sapiens,HLA-C*14:02,11,artificial,EPMDTNLTPSL,0,0.0512
Homo sapiens,HLA-B*07:02,8,artificial,SYHPGYQN,0,0.0087
Homo sapiens,HLA-B*07:02,8,artificial,PNIRLNRL,0,0.0127
Homo sapiens,HLA-B*07:02,8,artificial,VRPASPTH,0,0.0061
Homo sapiens,HLA-B*07:02,8,artificial,ESVYRVRA,0,0.0158
Homo sapiens,HLA-B*07:02,8,artificial,DADAWVFR,0,0.0205
Homo sapiens,HLA-B*07:02,9,artificial,ARFYRAEVR,0,0.03
Homo sapiens,HLA-B*07:02,9,artificial,RQQLAAATT,0,0.1095
Homo sapiens,HLA-B*07:02,9,artificial,SELTGLVDK,0,0.0394
Homo sapiens,HLA-B*07:02,9,artificial,DPAGSRWVA,0,0.0314
Homo sapiens,HLA-B*07:02,9,artificial,SVLHDPRGA,0,0.107
Homo sapiens,HLA-B*07:02,10,artificial,DACIGVDGPA,0,0.0475
Homo sapiens,HLA-B*07:02,10,artificial,YAALAAERRL,0,0.0855
Homo sapiens,HLA-B*07:02,10,artificial,GGAAAMEPHP,0,0.0218
Homo sapiens,HLA-B*07:02,10,artificial,AVDTPAALGP,0,0.0422
Homo sapiens,HLA-B*07:02,10,artificial,VVGKDDLSPG,0,0.0258
Homo sapiens,HLA-B*07:02,11,artificial,GPAPKRAIPGK,0,0.0156
Homo sapiens,HLA-B*07:02,11,artificial,TALGGLDTNKV,0,0.1612
Homo sapiens,HLA-B*07:02,11,artificial,RNLVNTTGAGD,0,0.0142
Homo sapiens,HLA-B*07:02,11,artificial,QFAFRAEAPKG,0,0.0219
Homo sapiens,HLA-B*07:02,11,artificial,APERAGEGESE,0,0.0054
Homo sapiens,HLA-B*38:01,8,artificial,EVGRASSG,0,0.0066
Homo sapiens,HLA-B*38:01,8,artificial,TFEGDRTD,0,0.0051
Homo sapiens,HLA-B*38:01,8,artificial,AHETHRFT,0,0.0098
Homo sapiens,HLA-B*38:01,8,artificial,GIEFGQVY,0,0.0242
Homo sapiens,HLA-B*38:01,8,artificial,ASAGWGVD,0,0.0106
Homo sapiens,HLA-B*38:01,9,artificial,RSRTAGSES,0,0.0203
Homo sapiens,HLA-B*38:01,9,artificial,DRDRVGANS,0,0.0085
Homo sapiens,HLA-B*38:01,9,artificial,PRLGKVAFA,0,0.0243
Homo sapiens,HLA-B*38:01,9,artificial,GRFQEQFDF,0,0.0515
Homo sapiens,HLA-B*38:01,9,artificial,SWAASTRSP,0,0.0194
Homo sapiens,HLA-B*38:01,10,artificial,ESTEAATDAA,0,0.0319
Homo sapiens,HLA-B*38:01,10,artificial,DDGISAADTG,0,0.0079
Homo sapiens,HLA-B*38:01,10,artificial,WVRSHSGGAV,0,0.1092
Homo sapiens,HLA-B*38:01,10,artificial,APGGRDVPVF,0,0.0252
Homo sapiens,HLA-B*38:01,10,artificial,DDEAPGGMIT,0,0.0104
Homo sapiens,HLA-B*38:01,11,artificial,GDYAFSVGLGA,0,0.1214
Homo sapiens,HLA-B*38:01,11,artificial,EQNRYNGQTAG,0,0.0135
Homo sapiens,HLA-B*38:01,11,artificial,GAGTPPALLAG,0,0.023
Homo sapiens,HLA-B*38:01,11,artificial,AHTVLQVLGYG,0,0.0348
Homo sapiens,HLA-B*38:01,11,artificial,PRLRVGTGKLE,0,0.0151
Homo sapiens,HLA-B*08:01,8,artificial,AMFTTNPQ,0,0.059
Homo sapiens,HLA-B*08:01,8,artificial,LWAAEDGV,0,0.2011
Homo sapiens,HLA-B*08:01,8,artificial,LAPRWGEG,0,0.0133
Homo sapiens,HLA-B*08:01,8,artificial,AFHVSVLV,0,0.0999
Homo sapiens,HLA-B*08:01,8,artificial,APSDALEV,0,0.0329
Homo sapiens,HLA-B*08:01,9,artificial,FIKNDRAII,0,0.1125
Homo sapiens,HLA-B*08:01,9,artificial,DVEEHAWGD,0,0.0126
Homo sapiens,HLA-B*08:01,9,artificial,APEVGYETA,0,0.0257
Homo sapiens,HLA-B*08:01,9,artificial,AYGLLSPGG,0,0.0187
Homo sapiens,HLA-B*08:01,9,artificial,DYGPDNGHT,0,0.0083
Homo sapiens,HLA-B*08:01,10,artificial,FEEKSGGPEV,0,0.0515
Homo sapiens,HLA-B*08:01,10,artificial,TPVTIEYGRQ,0,0.0143
Homo sapiens,HLA-B*08:01,10,artificial,TFVGTLLGET,0,0.1093
Homo sapiens,HLA-B*08:01,10,artificial,NREAVGQAER,0,0.0158
Homo sapiens,HLA-B*08:01,10,artificial,EWARAYDGPE,0,0.0147
Homo sapiens,HLA-B*08:01,11,artificial,AAGSIRAPGKQ,0,0.0147
Homo sapiens,HLA-B*08:01,11,artificial,VSFELAGHLKE,0,0.0312
Homo sapiens,HLA-B*08:01,11,artificial,SDAFVVGVTVN,0,0.0468
Homo sapiens,HLA-B*08:01,11,artificial,DGGRQDDFGLD,0,0.0061
Homo sapiens,HLA-B*08:01,11,artificial,VPATLYARAMG,0,0.0228
Homo sapiens,HLA-C*08:02,8,artificial,ALSAEDRG,0,0.0118
Homo sapiens,HLA-C*08:02,8,artificial,LGARAGES,0,0.0098
Homo sapiens,HLA-C*08:02,8,artificial,VTAQPPGM,0,0.0286
Homo sapiens,HLA-C*08:02,8,artificial,APEFPNEH,0,0.0065
Homo sapiens,HLA-C*08:02,8,artificial,EAAREAYA,0,0.0199
Homo sapiens,HLA-C*08:02,9,artificial,DDVARDKGW,0,0.0069
Homo sapiens,HLA-C*08:02,9,artificial,VWPQVRRKP,0,0.0083
Homo sapiens,HLA-C*08:02,9,artificial,MFDSPVQHR,0,0.0343
Homo sapiens,HLA-C*08:02,9,artificial,EGASDAALG,0,0.011
Homo sapiens,HLA-C*08:02,9,artificial,DEVGAWKRH,0,0.0053
Homo sapiens,HLA-C*08:02,10,artificial,DGEQPFMVPT,0,0.0453
Homo sapiens,HLA-C*08:02,10,artificial,PALPELLLAD,0,0.0396
Homo sapiens,HLA-C*08:02,10,artificial,LVARIGLVQT,0,0.1234
Homo sapiens,HLA-C*08:02,10,artificial,IVAETGTLVP,0,0.1333
Homo sapiens,HLA-C*08:02,10,artificial,IRYAEGPEVP,0,0.0257
Homo sapiens,HLA-C*08:02,11,artificial,RLRPAQSAAAQ,0,0.0465
Homo sapiens,HLA-C*08:02,11,artificial,EPNRYLNRSGP,0,0.008
Homo sapiens,HLA-C*08:02,11,artificial,APPSNRGETSR,0,0.0113
Homo sapiens,HLA-C*08:02,11,artificial,VLAGNEAAKAV,0,0.2975
Homo sapiens,HLA-C*08:02,11,artificial,MTDPLVEVLGY,0,0.0669
