species,allele,length,source,peptide,binder,ic50,log50k,prediction_binder
Homo sapiens,HLA-A*11:01,9,natural,CILGKLFTK,1,32.5,0.678252179,1
Homo sapiens,HLA-A*02:01,10,natural,FIASNGVKLV,1,280.7,0.478983179,1
Homo sapiens,HLA-B*35:01,9,natural,FPSDSWCYF,1,6,0.834399613,1
Homo sapiens,HLA-A*11:01,9,natural,AVCPWTWLR,1,13.8,0.757419374,1
Homo sapiens,HLA-A*02:01,9,natural,ILDKVLVHL,1,55.8,0.628294244,1
Homo sapiens,HLA-A*02:01,9,natural,GLFGDIYLA,1,6.7,0.824200878,1
Homo sapiens,HLA-A*03:01,10,natural,KILDAVVAQK,1,39.7,0.659757244,1
Homo sapiens,HLA-A*68:01,9,natural,ETVSEQSNV,1,8630.9,0.162357691,0
Homo sapiens,HLA-A*02:01,10,natural,SLADEAEVYL,1,43.3,0.651734764,1
Homo sapiens,HLA-A*01:01,9,natural,YTDFHCQYV,1,17.6,0.734939217,1
Homo sapiens,HLA-A*02:01,10,natural,ACDPHSGHFV,1,14409.1,0.1149897,0
Homo sapiens,HLA-A*03:01,10,natural,TLDWLLQTPK,1,114.2,0.562102737,1
Homo sapiens,HLA-A*24:02,9,natural,SYLDSGIHF,1,192,0.514084741,1
Homo sapiens,HLA-A*02:01,9,natural,ILNAMIAKI,1,48.1,0.642018341,1
Homo sapiens,HLA-A*02:01,10,natural,SLFEGIDIYT,1,18.2,0.731840938,1
Homo sapiens,HLA-A*11:01,9,natural,KTLTSVFQK,1,6.4,0.828434748,1
Homo sapiens,HLA-A*02:01,9,natural,FLDEFMEGV,1,2.7,0.908200358,1
Homo sapiens,HLA-B*44:02,9,natural,AEPINIQTW,1,15.2,0.748488799,1
Homo sapiens,HLA-B*44:02,9,natural,EEKLIVVLF,1,52.7,0.633577015,1
Homo sapiens,HLA-B*44:02,11,natural,SELFRSGLDSY,1,4081,0.231583391,0
Homo sapiens,HLA-C*06:02,9,natural,FRSGLDSYV,1,81.2,0.593622426,1
Homo sapiens,HLA-A*68:01,9,natural,EAFIQPITR,1,9.9,0.788116291,1
Homo sapiens,HLA-A*01:01,11,natural,FLEGNEVGKTY,1,5892.1,0.197639035,0
Homo sapiens,HLA-B*44:02,9,natural,KELEGILLL,1,2010.7,0.297006094,0
Homo sapiens,HLA-C*14:02,8,natural,CYMEAVAL,1,553.5,0.41623002,0
Homo sapiens,HLA-B*07:02,9,natural,RPHVPESAF,1,7.2,0.817548847,1
Homo sapiens,HLA-A*01:01,10,natural,ILDTAGREEY,1,322.2,0.466239296,1
Homo sapiens,HLA-A*03:01,9,natural,KIFSEVTLK,1,19.9,0.723587706,1
Homo sapiens,HLA-B*38:01,9,natural,SHETVIIEL,1,686.7,0.396300244,0
Homo sapiens,HLA-B*08:01,9,natural,GFKQSSKAL,1,1635.9,0.316072086,0
Homo sapiens,HLA-A*03:01,9,natural,KINKNPKYK,1,72.7,0.603842032,1
Homo sapiens,HLA-A*02:01,9,natural,SSKALQRPV,1,22101.6,0.075451916,0
Homo sapiens,HLA-A*02:01,9,natural,RIAECILGM,1,130.5,0.549771437,1
Homo sapiens,HLA-A*02:01,9,natural,FLIIWQNTM,1,34.6,0.672465222,1
Homo sapiens,HLA-A*02:01,9,natural,FLIIWQNTM,1,34.6,0.672465222,1
Homo sapiens,HLA-A*02:01,9,natural,FLIIWQNTM,1,34.6,0.672465222,1
Homo sapiens,HLA-A*01:01,10,natural,YVDFREYEYY,1,7.4,0.815016542,1
Homo sapiens,HLA-A*02:01,10,natural,SLYKFSPFPL,1,15.6,0.746088058,1
Homo sapiens,HLA-A*02:01,9,natural,VVMSWAPPV,1,5.8,0.837532908,1
Homo sapiens,HLA-A*02:01,9,natural,VVPCEPPEV,1,681,0.397070611,0
Homo sapiens,HLA-A*02:01,10,natural,LLLDDLLVSI,1,14.7,0.751580169,1
Homo sapiens,HLA-B*35:01,9,natural,VVVGAVGVG,1,14600.5,0.113770098,0
Homo sapiens,HLA-B*07:02,10,natural,QRPYGYDQIM,1,279.8,0.479279989,1
Homo sapiens,HLA-A*02:01,9,natural,RLSSCVPVA,1,56.9,0.626490004,1
Homo sapiens,HLA-C*08:02,9,natural,GADGVGKSA,1,15390.5,0.108899881,0
Homo sapiens,HLA-C*08:02,10,natural,GADGVGKSAL,1,24523.6,0.065841191,0
Homo sapiens,HLA-A*02:01,9,natural,VVPCEPPEV,1,681,0.397070611,0
random,HLA-A*11:01,8,artificial,AVLHAQQA,0,39259,0.022351871,0
random,HLA-A*11:01,8,artificial,PGARHKPF,0,43197.5,0.013516024,0
random,HLA-A*11:01,8,artificial,APVVALRR,0,29485.8,0.048810077,0
random,HLA-A*11:01,8,artificial,EGNAGRVG,0,43501.4,0.01286809,0
random,HLA-A*11:01,8,artificial,SRGGLALR,0,31652,0.042257952,0
random,HLA-A*11:01,9,artificial,ALDTYVVTP,0,26505.9,0.058656993,0
random,HLA-A*11:01,9,artificial,RPAYAVLLG,0,32264,0.040487978,0
random,HLA-A*11:01,9,artificial,TADSVKAIQ,0,29026.5,0.050261085,0
random,HLA-A*11:01,9,artificial,SSLATPGAE,0,18102.2,0.093901141,0
random,HLA-A*11:01,9,artificial,ALESETGPT,0,30384.2,0.046036088,0
random,HLA-A*11:01,10,artificial,NGGFSGDMPN,0,40402.2,0.019698996,0
random,HLA-A*11:01,10,artificial,WQKQKRSRVH,0,41569.3,0.017066994,0
random,HLA-A*11:01,10,artificial,VAAAAAAGLP,0,35350.2,0.032044922,0
random,HLA-A*11:01,10,artificial,KEGRAYVAHL,0,38424.8,0.024336905,0
random,HLA-A*11:01,10,artificial,AGGVSSLHDS,0,38567.2,0.023995023,0
random,HLA-A*11:01,11,artificial,ADDSTVIVGRV,0,34698.8,0.033763899,0
random,HLA-A*11:01,11,artificial,PVGPLVKARRL,0,41930.7,0.016266946,0
random,HLA-A*11:01,11,artificial,AQLPPVPAEST,0,39861.2,0.020944938,0
random,HLA-A*11:01,11,artificial,AAARRTGHVAL,0,33820.3,0.036133993,0
random,HLA-A*11:01,11,artificial,TYRVALLRARY,0,15698.4,0.107069126,0
random,HLA-A*02:01,8,artificial,RLITVLGF,0,8989,0.158600422,0
random,HLA-A*02:01,8,artificial,AGKAHVRW,0,39614.4,0.021518955,0
random,HLA-A*02:01,8,artificial,SVVLSRGV,0,25890.3,0.060828846,0
random,HLA-A*02:01,8,artificial,PAAGPAAR,0,44159.7,0.011479939,0
random,HLA-A*02:01,8,artificial,ALDETARL,0,2633.1,0.272081467,0
random,HLA-A*02:01,9,artificial,YGSFAVVLL,0,5673.9,0.201126699,0
random,HLA-A*02:01,9,artificial,LPLGLADVA,0,26479.2,0.05875014,0
random,HLA-A*02:01,9,artificial,DATLRILLN,0,30148.1,0.046757067,0
random,HLA-A*02:01,9,artificial,TLALGHRAL,0,3167.8,0.254994658,0
random,HLA-A*02:01,9,artificial,VAREPTASA,0,22673,0.07309283,0
random,HLA-A*02:01,10,artificial,HTVDGQRQAV,0,17142.6,0.098935152,0
random,HLA-A*02:01,10,artificial,TWPDVLGQVR,0,31062.3,0.043996109,0
random,HLA-A*02:01,10,artificial,PGAARAVFPD,0,40173.8,0.020222962,0
random,HLA-A*02:01,10,artificial,FSDLMLAGAT,0,8549,0.163238898,0
random,HLA-A*02:01,10,artificial,GVTLDGPPTH,0,37866.3,0.025690126,0
random,HLA-A*02:01,11,artificial,RRAAALHDTER,0,41661.2,0.016862893,0
random,HLA-A*02:01,11,artificial,RWKSGLVGLVT,0,28319.2,0.052541094,0
random,HLA-A*02:01,11,artificial,RGDFQDGKLGE,0,42238.9,0.015590098,0
random,HLA-A*02:01,11,artificial,VRVSKGPTSAV,0,24465.1,0.066061926,0
random,HLA-A*02:01,11,artificial,IREAAVLDALV,0,14439.8,0.114792992,0
random,HLA-B*35:01,8,artificial,VMATTVVG,0,33925.9,0.035845861,0
random,HLA-B*35:01,8,artificial,GAFGLFEI,0,38934.9,0.023118032,0
random,HLA-B*35:01,8,artificial,SDRKAAAR,0,45055.4,0.009624057,0
random,HLA-B*35:01,8,artificial,AVLSVNSD,0,40250.4,0.020046905,0
random,HLA-B*35:01,8,artificial,QTRQDAGA,0,42088.9,0.015918899,0
random,HLA-B*35:01,9,artificial,GRLFEPGGV,0,41477.7,0.017270878,0
random,HLA-B*35:01,9,artificial,EDINPAYRA,0,32779.5,0.039022952,0
random,HLA-B*35:01,9,artificial,NALVVRVGL,0,10141.2,0.14745373,0
random,HLA-B*35:01,9,artificial,RAELSPADL,0,15030.6,0.111086831,0
random,HLA-B*35:01,9,artificial,IRVLRSREA,0,36771,0.02840294,0
random,HLA-B*35:01,10,artificial,GASERDTIIG,0,28265.4,0.052716844,0
random,HLA-B*35:01,10,artificial,LPGAGAPDRV,0,14066.6,0.117213105,0
random,HLA-B*35:01,10,artificial,ADNGRAGVAI,0,40287.8,0.019961066,0
random,HLA-B*35:01,10,artificial,AHGGYDGVTV,0,40009.8,0.02060103,0
random,HLA-B*35:01,10,artificial,RVIEDAWRVD,0,36012.2,0.030330126,0
random,HLA-B*35:01,11,artificial,FDWQLKTAIYL,0,13464.4,0.121256999,0
random,HLA-B*35:01,11,artificial,GADDDRLFDFA,0,32799.3,0.038967142,0
random,HLA-B*35:01,11,artificial,APPTLPELECK,0,37696.3,0.026105993,0
random,HLA-B*35:01,11,artificial,DSIDYPAAILP,0,34976.9,0.033026108,0
random,HLA-B*35:01,11,artificial,AARAEYGVDRI,0,41658,0.016869992,0
random,HLA-A*03:01,8,artificial,SKAAGDAE,0,45719.4,0.008271915,0
random,HLA-A*03:01,8,artificial,ARPSHGFP,0,41104.2,0.018106905,0
random,HLA-A*03:01,8,artificial,FTQLARVD,0,40160.7,0.020253104,0
random,HLA-A*03:01,8,artificial,ADAQWREV,0,41005.1,0.018330002,0
random,HLA-A*03:01,8,artificial,TIGDVLRE,0,41579.6,0.017044096,0
random,HLA-A*03:01,9,artificial,FGLTYIYAP,0,32951.6,0.038538977,0
random,HLA-A*03:01,9,artificial,AVHPARDHP,0,29633.6,0.048347955,0
random,HLA-A*03:01,9,artificial,GDGVSTPSG,0,41799.3,0.016557032,0
random,HLA-A*03:01,9,artificial,RDHNREDKT,0,41801.6,0.016551946,0
random,HLA-A*03:01,9,artificial,LEVLSHTRM,0,29778.5,0.047897132,0
random,HLA-A*03:01,10,artificial,GATLNYALGA,0,23364,0.070318135,0
random,HLA-A*03:01,10,artificial,YWRAALLKLG,0,31309.3,0.043264087,0
random,HLA-A*03:01,10,artificial,GIPPGLFDDR,0,16333.3,0.103404803,0
random,HLA-A*03:01,10,artificial,PPSYAEPERR,0,31522.5,0.042636865,0
random,HLA-A*03:01,10,artificial,ETELAIELAR,0,15037.6,0.111043798,0
random,HLA-A*03:01,11,artificial,AAWLGTDLDDK,0,10043.2,0.148351212,0
random,HLA-A*03:01,11,artificial,IQVWAEPLLDD,0,33654.2,0.036589025,0
random,HLA-A*03:01,11,artificial,LLESVTTATGW,0,32405,0.04008495,0
random,HLA-A*03:01,11,artificial,GATRLLPLLTR,0,8200.2,0.167088864,0
random,HLA-A*03:01,11,artificial,GDAVDPAVVSR,0,24486.8,0.065979985,0
random,HLA-A*68:01,8,artificial,TKGLPLSA,0,46826.8,0.00605995,0
random,HLA-A*68:01,8,artificial,AGREVTKA,0,47787,0.004183946,0
random,HLA-A*68:01,8,artificial,LAEVLELD,0,44046.6,0.011716954,0
random,HLA-A*68:01,8,artificial,ETRDAVDG,0,43703.3,0.012440125,0
random,HLA-A*68:01,8,artificial,ERRGLSKD,0,47821.6,0.004117052,0
random,HLA-A*68:01,9,artificial,KVSPALGNA,0,38760.9,0.023531998,0
random,HLA-A*68:01,9,artificial,SDRLTTRVP,0,45469.8,0.008777873,0
random,HLA-A*68:01,9,artificial,VKHKASAGL,0,44951.7,0.009837025,0
random,HLA-A*68:01,9,artificial,RGLGTSTVA,0,44714,0.010327047,0
random,HLA-A*68:01,9,artificial,PRWLVRTST,0,46734.2,0.006242898,0
random,HLA-A*68:01,10,artificial,DQRGILTLIG,0,41916.6,0.01629803,0
random,HLA-A*68:01,10,artificial,DSVAEMKNGS,0,27784.5,0.05430284,0
random,HLA-A*68:01,10,artificial,FALELPKGAE,0,35202.8,0.032431106,0
random,HLA-A*68:01,10,artificial,VVDAATPRAR,0,1572.2,0.319742882,0
random,HLA-A*68:01,10,artificial,YPSRVLLSEV,0,36248.8,0.029724891,0
random,HLA-A*68:01,11,artificial,MLVPPLGLVLV,0,32208.9,0.040645952,0
random,HLA-A*68:01,11,artificial,WLRRSQILRLF,0,39859.9,0.020947952,0
random,HLA-A*68:01,11,artificial,PVGPGTAESNT,0,47071.1,0.005579022,0
random,HLA-A*68:01,11,artificial,ESTRPDGVLLS,0,38088.2,0.025150098,0
random,HLA-A*68:01,11,artificial,PEYLWFIKVTT,0,39218.2,0.022447972,0
random,HLA-A*01:01,8,artificial,KIWIALVG,0,35216.6,0.032394882,0
random,HLA-A*01:01,8,artificial,KPGAAVFK,0,38410.6,0.024371067,0
random,HLA-A*01:01,8,artificial,HGVADSDM,0,36141.4,0.029999134,0
random,HLA-A*01:01,8,artificial,NLREPTHA,0,38887.8,0.023229906,0
random,HLA-A*01:01,8,artificial,GDQCCLDP,0,38555.5,0.024023066,0
random,HLA-A*01:01,9,artificial,EWAGLFHHQ,0,28523.4,0.051877052,0
random,HLA-A*01:01,9,artificial,PLGRGKRLD,0,36624.1,0.02877291,0
random,HLA-A*01:01,9,artificial,GQHHAQEAG,0,35200.2,0.032437933,0
random,HLA-A*01:01,9,artificial,AFTRGPALL,0,23466.4,0.069913946,0
random,HLA-A*01:01,9,artificial,FAVYNSGGG,0,32226.3,0.040596037,0
random,HLA-A*01:01,10,artificial,TRRLGALAIG,0,36624.9,0.028770892,0
random,HLA-A*01:01,10,artificial,RMMSGARDGT,0,30922.8,0.044412114,0
random,HLA-A*01:01,10,artificial,TRHFNNRPMA,0,35054.6,0.03282102,0
random,HLA-A*01:01,10,artificial,ILTAADASTD,0,37473.9,0.026652886,0
random,HLA-A*01:01,10,artificial,DTTASHGAMH,0,25298.2,0.062967072,0
random,HLA-A*01:01,11,artificial,LAQSGAPADSL,0,35560,0.03149802,0
random,HLA-A*01:01,11,artificial,TAAEQFAMVDA,0,33276.6,0.037631876,0
random,HLA-A*01:01,11,artificial,LTWRTRVRMVS,0,31345.9,0.043156109,0
random,HLA-A*01:01,11,artificial,PDERALRRSSG,0,41954.3,0.016214942,0
random,HLA-A*01:01,11,artificial,VAVGASSIDRA,0,36609.8,0.028809005,0
random,HLA-A*24:02,8,artificial,IDAQRHRP,0,43896.7,0.012032026,0
random,HLA-A*24:02,8,artificial,EVCADLDT,0,47722.4,0.004308971,0
random,HLA-A*24:02,8,artificial,GLGGEDNS,0,47910.2,0.003945976,0
random,HLA-A*24:02,8,artificial,ALPDTSTG,0,44473.8,0.010824876,0
random,HLA-A*24:02,8,artificial,HRELVTYL,0,40756.1,0.018892946,0
random,HLA-A*24:02,9,artificial,ELADHQSTR,0,41507.7,0.017204054,0
random,HLA-A*24:02,9,artificial,APVKNWLTR,0,38402.7,0.024390078,0
random,HLA-A*24:02,9,artificial,VTYSGAKAP,0,40153.8,0.020268985,0
random,HLA-A*24:02,9,artificial,TAEAPFMDA,0,43438,0.013002889,0
random,HLA-A*24:02,9,artificial,GETLEARNG,0,47265,0.005199084,0
random,HLA-A*24:02,10,artificial,EAWGRGYDRI,0,2580.3,0.273953611,0
random,HLA-A*24:02,10,artificial,VIPFTISSAA,0,38183.6,0.024918893,0
random,HLA-A*24:02,10,artificial,VVQVGRKVII,0,22724.8,0.072881915,0
random,HLA-A*24:02,10,artificial,QLGQSDGELI,0,27449.5,0.055423969,0
random,HLA-A*24:02,10,artificial,RFPVHNPRED,0,20737.5,0.081339869,0
random,HLA-A*24:02,11,artificial,ARERVGEVQAN,0,47519.4,0.004702957,0
random,HLA-A*24:02,11,artificial,RLVHDDRGGHR,0,46954.1,0.005809036,0
random,HLA-A*24:02,11,artificial,GYGLSILIETV,0,17708.2,0.095934978,0
random,HLA-A*24:02,11,artificial,RGNYRERELSD,0,33206.8,0.037825944,0
random,HLA-A*24:02,11,artificial,PSPHAWDHGLV,0,37729.4,0.026024875,0
random,HLA-B*44:02,8,artificial,GDLRAVLE,0,41905.7,0.016322067,0
random,HLA-B*44:02,8,artificial,WEQSRQAA,0,11426.9,0.136421722,0
random,HLA-B*44:02,8,artificial,TSAAPVAL,0,38135.3,0.025035877,0
random,HLA-B*44:02,8,artificial,ELDEAGRS,0,39027.3,0.022898954,0
random,HLA-B*44:02,8,artificial,PEAMAVVG,0,41813.8,0.016524976,0
random,HLA-B*44:02,9,artificial,CPDEAGRVA,0,34832.3,0.033408992,0
random,HLA-B*44:02,9,artificial,QWLAAAART,0,26529.4,0.058575087,0
random,HLA-B*44:02,9,artificial,ALDRRGTET,0,29227.9,0.049622022,0
random,HLA-B*44:02,9,artificial,DMLDAQKTE,0,34881.7,0.033278008,0
random,HLA-B*44:02,9,artificial,IFLTTYVRP,0,33158.7,0.037959916,0
random,HLA-B*44:02,10,artificial,VTGILNRYGA,0,39994.2,0.020637074,0
random,HLA-B*44:02,10,artificial,LTDQEAPSDP,0,41194.1,0.017904985,0
random,HLA-B*44:02,10,artificial,IVAGRVEVAH,0,41674.7,0.016832949,0
random,HLA-B*44:02,10,artificial,EKGPHQATVR,0,39321,0.022206026,0
random,HLA-B*44:02,10,artificial,DRPRCLVHGG,0,43695.3,0.012457045,0
random,HLA-B*44:02,11,artificial,IPVAHSAIGRL,0,43396.6,0.013091018,0
random,HLA-B*44:02,11,artificial,GRARATLELLR,0,42960.7,0.014024064,0
random,HLA-B*44:02,11,artificial,ADTLFTLEYEV,0,24881.5,0.064502103,0
random,HLA-B*44:02,11,artificial,EPTARLRTLRK,0,43047.3,0.013837945,0
random,HLA-B*44:02,11,artificial,GAALDDEDLAV,0,41412.2,0.017416945,0
random,HLA-C*06:02,8,artificial,RSLMDVLA,0,43098.5,0.013728083,0
random,HLA-C*06:02,8,artificial,SASVVSYM,0,21578.2,0.077666976,0
random,HLA-C*06:02,8,artificial,IAKHDANM,0,34037.6,0.03554206,0
random,HLA-C*06:02,8,artificial,DHKTASTE,0,47125.6,0.005472074,0
random,HLA-C*06:02,8,artificial,RLSGLAGK,0,46602.4,0.006503919,0
random,HLA-C*06:02,9,artificial,EYGGHVFDA,0,24936.5,0.064298028,0
random,HLA-C*06:02,9,artificial,GERDIRAQD,0,41301.2,0.017665006,0
random,HLA-C*06:02,9,artificial,LLQGEVRIY,0,7207.8,0.179010991,0
random,HLA-C*06:02,9,artificial,NIRVHAGEQ,0,30672.3,0.045163868,0
random,HLA-C*06:02,9,artificial,PRRTAAGYT,0,5644.5,0.201606847,0
random,HLA-C*06:02,10,artificial,HVFPQHASTS,0,39090.2,0.022750116,0
random,HLA-C*06:02,10,artificial,MEATVGVFEA,0,46651.8,0.006405999,0
random,HLA-C*06:02,10,artificial,SAVCLPARNT,0,46100.4,0.007504902,0
random,HLA-C*06:02,10,artificial,PFIGFKDFGM,0,44628,0.010504979,0
random,HLA-C*06:02,10,artificial,RLRYPWGGAS,0,33816.6,0.036144105,0
random,HLA-C*06:02,11,artificial,EGYVAERLLAE,0,39774.1,0.021147112,0
random,HLA-C*06:02,11,artificial,DFFGDLRDNNL,0,28790.1,0.051016889,0
random,HLA-C*06:02,11,artificial,RAAELDAIGDA,0,46789.8,0.006133007,0
random,HLA-C*06:02,11,artificial,TVGFGPRPVEV,0,38474.3,0.02421792,0
random,HLA-C*06:02,11,artificial,AAHMAGEVIEA,0,42871.1,0.014217026,0
random,HLA-C*14:02,8,artificial,VPTMIREL,0,27884.7,0.053970131,0
random,HLA-C*14:02,8,artificial,AKPLTSEP,0,42918.9,0.014114034,0
random,HLA-C*14:02,8,artificial,APSRDSPA,0,43780.5,0.012277007,0
random,HLA-C*14:02,8,artificial,FPVVPPPF,0,13372.9,0.121887224,0
random,HLA-C*14:02,8,artificial,TVHPYRLT,0,35625.5,0.031327937,0
random,HLA-C*14:02,9,artificial,ADGDNRDRR,0,42939.4,0.014069899,0
random,HLA-C*14:02,9,artificial,DRYVLLATS,0,28469.5,0.052051868,0
random,HLA-C*14:02,9,artificial,GFAGLHMAA,0,22695.5,0.073001157,0
random,HLA-C*14:02,9,artificial,LPFQETALK,0,37013.7,0.027794922,0
random,HLA-C*14:02,9,artificial,SRGALAVAA,0,25090.5,0.063729006,0
random,HLA-C*14:02,10,artificial,ETVAGQVRED,0,46852.1,0.006010028,0
random,HLA-C*14:02,10,artificial,RRYAQWAELT,0,23585.8,0.069444877,0
random,HLA-C*14:02,10,artificial,IRPSDRGVIS,0,42632.4,0.014733063,0
random,HLA-C*14:02,10,artificial,IRVEHDLNRR,0,47588.8,0.004568076,0
random,HLA-C*14:02,10,artificial,LVPRKGRKPR,0,44303.7,0.011179047,0
random,HLA-C*14:02,11,artificial,GSRAAMAAFAL,0,31089.2,0.043916104,0
random,HLA-C*14:02,11,artificial,RIDFSAANVKV,0,44113.3,0.011577102,0
random,HLA-C*14:02,11,artificial,KVQYVFFTVED,0,42354.3,0.015337935,0
random,HLA-C*14:02,11,artificial,RAKEAPFTTIP,0,45268.5,0.00918795,0
random,HLA-C*14:02,11,artificial,EPMDTNLTPSL,0,21763.2,0.076877965,0
random,HLA-B*07:02,8,artificial,SYHPGYQN,0,42601.1,0.014800944,0
random,HLA-B*07:02,8,artificial,PNIRLNRL,0,9949.9,0.149213825,0
random,HLA-B*07:02,8,artificial,VRPASPTH,0,31679.7,0.042177103,0
random,HLA-B*07:02,8,artificial,ESVYRVRA,0,41370.1,0.017510951,0
random,HLA-B*07:02,8,artificial,DADAWVFR,0,43043.1,0.013846963,0
random,HLA-B*07:02,9,artificial,ARFYRAEVR,0,27255.4,0.056079831,0
random,HLA-B*07:02,9,artificial,RQQLAAATT,0,19885.6,0.085216825,0
random,HLA-B*07:02,9,artificial,SELTGLVDK,0,30764.3,0.044887064,0
random,HLA-B*07:02,9,artificial,DPAGSRWVA,0,4678.4,0.218957059,0
random,HLA-B*07:02,9,artificial,SVLHDPRGA,0,22310.1,0.074584108,0
random,HLA-B*07:02,10,artificial,DACIGVDGPA,0,36473.8,0.029152983,0
random,HLA-B*07:02,10,artificial,YAALAAERRL,0,7230.5,0.178720373,0
random,HLA-B*07:02,10,artificial,GGAAAMEPHP,0,38547.2,0.024042964,0
random,HLA-B*07:02,10,artificial,AVDTPAALGP,0,40212.5,0.020133972,0
random,HLA-B*07:02,10,artificial,VVGKDDLSPG,0,38834.4,0.023356907,0
random,HLA-B*07:02,11,artificial,GPAPKRAIPGK,0,15421,0.108716903,0
random,HLA-B*07:02,11,artificial,TALGGLDTNKV,0,36956.4,0.027938111,0
random,HLA-B*07:02,11,artificial,RNLVNTTGAGD,0,38839.8,0.023344056,0
random,HLA-B*07:02,11,artificial,QFAFRAEAPKG,0,40602.5,0.019241925,0
random,HLA-B*07:02,11,artificial,APERAGEGESE,0,15348.2,0.109154252,0
random,HLA-B*38:01,8,artificial,EVGRASSG,0,45986.8,0.007732932,0
random,HLA-B*38:01,8,artificial,TFEGDRTD,0,44239.5,0.011313074,0
random,HLA-B*38:01,8,artificial,AHETHRFT,0,31300.5,0.043290068,0
random,HLA-B*38:01,8,artificial,GIEFGQVY,0,43849.7,0.012131037,0
random,HLA-B*38:01,8,artificial,ASAGWGVD,0,46765,0.006182007,0
random,HLA-B*38:01,9,artificial,RSRTAGSES,0,45378.3,0.008964046,0
random,HLA-B*38:01,9,artificial,DRDRVGANS,0,27953.9,0.053741053,0
random,HLA-B*38:01,9,artificial,PRLGKVAFA,0,39393.4,0.022036008,0
random,HLA-B*38:01,9,artificial,GRFQEQFDF,0,1377.7,0.331948351,0
random,HLA-B*38:01,9,artificial,SWAASTRSP,0,45486.5,0.008743934,0
random,HLA-B*38:01,10,artificial,ESTEAATDAA,0,43465.2,0.012945033,0
random,HLA-B*38:01,10,artificial,DDGISAADTG,0,43081.3,0.013764975,0
random,HLA-B*38:01,10,artificial,WVRSHSGGAV,0,15153.7,0.110332971,0
random,HLA-B*38:01,10,artificial,APGGRDVPVF,0,37083.8,0.027620047,0
random,HLA-B*38:01,10,artificial,DDEAPGGMIT,0,40957.2,0.018438029,0
random,HLA-B*38:01,11,artificial,GDYAFSVGLGA,0,42486,0.015050992,0
random,HLA-B*38:01,11,artificial,EQNRYNGQTAG,0,32437.6,0.039992017,0
random,HLA-B*38:01,11,artificial,GAGTPPALLAG,0,42003.3,0.01610706,0
random,HLA-B*38:01,11,artificial,AHTVLQVLGYG,0,28197.2,0.052940117,0
random,HLA-B*38:01,11,artificial,PRLRVGTGKLE,0,26074.7,0.060172907,0
random,HLA-B*08:01,8,artificial,AMFTTNPQ,0,30685.2,0.045125005,0
random,HLA-B*08:01,8,artificial,LWAAEDGV,0,40501.6,0.019471889,0
random,HLA-B*08:01,8,artificial,LAPRWGEG,0,30229.1,0.046509083,0
random,HLA-B*08:01,8,artificial,AFHVSVLV,0,30046.5,0.047069063,0
random,HLA-B*08:01,8,artificial,APSDALEV,0,37925.8,0.025545014,0
random,HLA-B*08:01,9,artificial,FIKNDRAII,0,556,0.41581351,0
random,HLA-B*08:01,9,artificial,DVEEHAWGD,0,36967.2,0.027911105,0
random,HLA-B*08:01,9,artificial,APEVGYETA,0,24455.8,0.066097066,0
random,HLA-B*08:01,9,artificial,AYGLLSPGG,0,35759.5,0.030980953,0
random,HLA-B*08:01,9,artificial,DYGPDNGHT,0,38776.4,0.023495046,0
random,HLA-B*08:01,10,artificial,FEEKSGGPEV,0,24881,0.06450396,0
random,HLA-B*08:01,10,artificial,TPVTIEYGRQ,0,37214.5,0.027294879,0
random,HLA-B*08:01,10,artificial,TFVGTLLGET,0,34307.2,0.034812891,0
random,HLA-B*08:01,10,artificial,NREAVGQAER,0,35928.2,0.030545959,0
random,HLA-B*08:01,10,artificial,EWARAYDGPE,0,11664.6,0.134518874,0
random,HLA-B*08:01,11,artificial,AAGSIRAPGKQ,0,33623.6,0.036673099,0
random,HLA-B*08:01,11,artificial,VSFELAGHLKE,0,36345.4,0.029478918,0
random,HLA-B*08:01,11,artificial,SDAFVVGVTVN,0,37861.9,0.025700866,0
random,HLA-B*08:01,11,artificial,DGGRQDDFGLD,0,36199,0.029851953,0
random,HLA-B*08:01,11,artificial,VPATLYARAMG,0,23227.4,0.070860083,0
random,HLA-C*08:02,8,artificial,ALSAEDRG,0,46496.6,0.006713984,0
random,HLA-C*08:02,8,artificial,LGARAGES,0,43926.7,0.011968884,0
random,HLA-C*08:02,8,artificial,VTAQPPGM,0,34584.4,0.034069117,0
random,HLA-C*08:02,8,artificial,APEFPNEH,0,41924.8,0.016279952,0
random,HLA-C*08:02,8,artificial,EAAREAYA,0,43104.6,0.013715002,0
random,HLA-C*08:02,9,artificial,DDVARDKGW,0,43197.5,0.013516024,0
random,HLA-C*08:02,9,artificial,VWPQVRRKP,0,43845,0.012140944,0
random,HLA-C*08:02,9,artificial,MFDSPVQHR,0,22813.7,0.072521058,0
random,HLA-C*08:02,9,artificial,EGASDAALG,0,34374.4,0.034632032,0
random,HLA-C*08:02,9,artificial,DEVGAWKRH,0,43364.2,0.013160047,0
random,HLA-C*08:02,10,artificial,DGEQPFMVPT,0,44996.5,0.009744959,0
random,HLA-C*08:02,10,artificial,PALPELLLAD,0,45853.6,0.008001023,0
random,HLA-C*08:02,10,artificial,LVARIGLVQT,0,44186.4,0.011424075,0
random,HLA-C*08:02,10,artificial,IVAETGTLVP,0,32325.8,0.040311116,0
random,HLA-C*08:02,10,artificial,IRYAEGPEVP,0,39001.5,0.022960073,0
random,HLA-C*08:02,11,artificial,RLRPAQSAAAQ,0,43861.1,0.012107012,0
random,HLA-C*08:02,11,artificial,EPNRYLNRSGP,0,46546.4,0.006615047,0
random,HLA-C*08:02,11,artificial,APPSNRGETSR,0,45692.7,0.008325906,0
random,HLA-C*08:02,11,artificial,VLAGNEAAKAV,0,24960.5,0.064209119,0
random,HLA-C*08:02,11,artificial,MTDPLVEVLGY,0,19186,0.088526967,0
