allele,binder,length,peptide,source,species,log50k
HLA-A*11:01,1,9,CILGKLFTK,natural,Homo sapiens,0.514982906
HLA-A*02:01,1,10,FIASNGVKLV,natural,Homo sapiens,0.620964951
HLA-B*35:01,1,9,FPSDSWCYF,natural,Homo sapiens,0.704014474
HLA-A*11:01,1,9,AVCPWTWLR,natural,Homo sapiens,0.446844477
HLA-A*02:01,1,9,ILDKVLVHL,natural,Homo sapiens,0.678435422
HLA-A*02:01,1,9,GLFGDIYLA,natural,Homo sapiens,0.792813065
HLA-A*03:01,1,10,KILDAVVAQK,natural,Homo sapiens,0.584011253
HLA-A*68:01,1,9,ETVSEQSNV,natural,Homo sapiens,0.575371033
HLA-A*02:01,1,10,SLADEAEVYL,natural,Homo sapiens,0.677246931
HLA-A*01:01,1,9,YTDFHCQYV,natural,Homo sapiens,0.233953512
HLA-A*02:01,1,10,ACDPHSGHFV,natural,Homo sapiens,0.18430672
HLA-A*03:01,1,10,TLDWLLQTPK,natural,Homo sapiens,0.491447347
HLA-A*24:02,1,9,SYLDSGIHF,natural,Homo sapiens,0.470360153
HLA-A*02:01,1,9,ILNAMIAKI,natural,Homo sapiens,0.640499937
HLA-A*02:01,1,10,SLFEGIDIYT,natural,Homo sapiens,0.716311913
HLA-A*11:01,1,9,KTLTSVFQK,natural,Homo sapiens,0.67862174
HLA-A*02:01,1,9,FLDEFMEGV,natural,Homo sapiens,1
HLA-B*44:02,1,9,AEPINIQTW,natural,Homo sapiens,0.579325101
HLA-B*44:02,1,9,EEKLIVVLF,natural,Homo sapiens,0.35649974
HLA-B*44:02,1,11,SELFRSGLDSY,natural,Homo sapiens,0.449624516
HLA-C*06:02,1,9,FRSGLDSYV,natural,Homo sapiens,0.391168791
HLA-A*68:01,1,9,EAFIQPITR,natural,Homo sapiens,0.576563864
HLA-A*01:01,1,11,FLEGNEVGKTY,natural,Homo sapiens,0.257051615
HLA-B*44:02,1,9,KELEGILLL,natural,Homo sapiens,0.351524229
HLA-C*14:02,1,8,CYMEAVAL,natural,Homo sapiens,0.349074807
HLA-B*07:02,1,9,RPHVPESAF,natural,Homo sapiens,0.513777501
HLA-A*01:01,1,10,ILDTAGREEY,natural,Homo sapiens,0.272497109
HLA-A*03:01,1,9,KIFSEVTLK,natural,Homo sapiens,0.650295917
HLA-B*38:01,1,9,SHETVIIEL,natural,Homo sapiens,0.242953666
HLA-B*08:01,1,9,GFKQSSKAL,natural,Homo sapiens,0.228966284
HLA-A*03:01,1,9,KINKNPKYK,natural,Homo sapiens,0.51078057
HLA-A*02:01,1,9,SSKALQRPV,natural,Homo sapiens,0.22988013
HLA-A*02:01,1,9,RIAECILGM,natural,Homo sapiens,0.607225497
HLA-A*02:01,1,9,FLIIWQNTM,natural,Homo sapiens,0.619382149
HLA-A*02:01,1,9,FLIIWQNTM,natural,Homo sapiens,0.619382149
HLA-A*02:01,1,9,FLIIWQNTM,natural,Homo sapiens,0.619382149
HLA-A*01:01,1,10,YVDFREYEYY,natural,Homo sapiens,0.438564741
HLA-A*02:01,1,10,SLYKFSPFPL,natural,Homo sapiens,0.686502827
HLA-A*02:01,1,9,VVMSWAPPV,natural,Homo sapiens,0.759326134
HLA-A*02:01,1,9,VVPCEPPEV,natural,Homo sapiens,0.400817935
HLA-A*02:01,1,10,LLLDDLLVSI,natural,Homo sapiens,0.703308936
HLA-B*35:01,1,9,VVVGAVGVG,natural,Homo sapiens,0.062203883
HLA-B*07:02,1,10,QRPYGYDQIM,natural,Homo sapiens,0.474766385
HLA-A*02:01,1,9,RLSSCVPVA,natural,Homo sapiens,0.546245075
HLA-C*08:02,1,9,GADGVGKSA,natural,Homo sapiens,0.245730528
HLA-C*08:02,1,10,GADGVGKSAL,natural,Homo sapiens,0.254941192
HLA-A*02:01,1,9,VVPCEPPEV,natural,Homo sapiens,0.400817935
HLA-A*11:01,0,8,AVLHAQQA,artificial,Homo sapiens,0.141439041
HLA-A*11:01,0,8,PGARHKPF,artificial,Homo sapiens,0.022320405
HLA-A*11:01,0,8,APVVALRR,artificial,Homo sapiens,0.106762952
HLA-A*11:01,0,8,EGNAGRVG,artificial,Homo sapiens,0.052534774
HLA-A*11:01,0,8,SRGGLALR,artificial,Homo sapiens,0.373299564
HLA-A*11:01,0,9,ALDTYVVTP,artificial,Homo sapiens,0.117369297
HLA-A*11:01,0,9,RPAYAVLLG,artificial,Homo sapiens,0.14121886
HLA-A*11:01,0,9,TADSVKAIQ,artificial,Homo sapiens,0.133464925
HLA-A*11:01,0,9,SSLATPGAE,artificial,Homo sapiens,0.088385337
HLA-A*11:01,0,9,ALESETGPT,artificial,Homo sapiens,0.093580359
HLA-A*11:01,0,10,NGGFSGDMPN,artificial,Homo sapiens,0.068286002
HLA-A*11:01,0,10,WQKQKRSRVH,artificial,Homo sapiens,0.104954595
HLA-A*11:01,0,10,VAAAAAAGLP,artificial,Homo sapiens,0.076485798
HLA-A*11:01,0,10,KEGRAYVAHL,artificial,Homo sapiens,0.129582575
HLA-A*11:01,0,10,AGGVSSLHDS,artificial,Homo sapiens,0.065923289
HLA-A*11:01,0,11,ADDSTVIVGRV,artificial,Homo sapiens,0.122546186
HLA-A*11:01,0,11,PVGPLVKARRL,artificial,Homo sapiens,0.057539298
HLA-A*11:01,0,11,AQLPPVPAEST,artificial,Homo sapiens,0.068451542
HLA-A*11:01,0,11,AAARRTGHVAL,artificial,Homo sapiens,0.124583515
HLA-A*11:01,0,11,TYRVALLRARY,artificial,Homo sapiens,0.280195893
HLA-A*02:01,0,8,RLITVLGF,artificial,Homo sapiens,0.263789475
HLA-A*02:01,0,8,AGKAHVRW,artificial,Homo sapiens,0.058267276
HLA-A*02:01,0,8,SVVLSRGV,artificial,Homo sapiens,0.274439493
HLA-A*02:01,0,8,PAAGPAAR,artificial,Homo sapiens,0.027706129
HLA-A*02:01,0,8,ALDETARL,artificial,Homo sapiens,0.488484837
HLA-A*02:01,0,9,YGSFAVVLL,artificial,Homo sapiens,0.252908086
HLA-A*02:01,0,9,LPLGLADVA,artificial,Homo sapiens,0.10786899
HLA-A*02:01,0,9,DATLRILLN,artificial,Homo sapiens,0.045641809
HLA-A*02:01,0,9,TLALGHRAL,artificial,Homo sapiens,0.382147118
HLA-A*02:01,0,9,VAREPTASA,artificial,Homo sapiens,0.149596001
HLA-A*02:01,0,10,HTVDGQRQAV,artificial,Homo sapiens,0.301496734
HLA-A*02:01,0,10,TWPDVLGQVR,artificial,Homo sapiens,0.148710892
HLA-A*02:01,0,10,PGAARAVFPD,artificial,Homo sapiens,0.07501789
HLA-A*02:01,0,10,FSDLMLAGAT,artificial,Homo sapiens,0.213695437
HLA-A*02:01,0,10,GVTLDGPPTH,artificial,Homo sapiens,0.08621326
HLA-A*02:01,0,11,RRAAALHDTER,artificial,Homo sapiens,0.064684
HLA-A*02:01,0,11,RWKSGLVGLVT,artificial,Homo sapiens,0.108958381
HLA-A*02:01,0,11,RGDFQDGKLGE,artificial,Homo sapiens,0.028292025
HLA-A*02:01,0,11,VRVSKGPTSAV,artificial,Homo sapiens,0.143568532
HLA-A*02:01,0,11,IREAAVLDALV,artificial,Homo sapiens,0.249586828
HLA-B*35:01,0,8,VMATTVVG,artificial,Homo sapiens,0.090473738
HLA-B*35:01,0,8,GAFGLFEI,artificial,Homo sapiens,0
HLA-B*35:01,0,8,SDRKAAAR,artificial,Homo sapiens,0
HLA-B*35:01,0,8,AVLSVNSD,artificial,Homo sapiens,0
HLA-B*35:01,0,8,QTRQDAGA,artificial,Homo sapiens,0
HLA-B*35:01,0,9,GRLFEPGGV,artificial,Homo sapiens,0
HLA-B*35:01,0,9,EDINPAYRA,artificial,Homo sapiens,0.001768195
HLA-B*35:01,0,9,NALVVRVGL,artificial,Homo sapiens,0.249539959
HLA-B*35:01,0,9,RAELSPADL,artificial,Homo sapiens,0.041013308
HLA-B*35:01,0,9,IRVLRSREA,artificial,Homo sapiens,0.03289113
HLA-B*35:01,0,10,GASERDTIIG,artificial,Homo sapiens,0
HLA-B*35:01,0,10,LPGAGAPDRV,artificial,Homo sapiens,0.208725188
HLA-B*35:01,0,10,ADNGRAGVAI,artificial,Homo sapiens,0
HLA-B*35:01,0,10,AHGGYDGVTV,artificial,Homo sapiens,0
HLA-B*35:01,0,10,RVIEDAWRVD,artificial,Homo sapiens,0
HLA-B*35:01,0,11,FDWQLKTAIYL,artificial,Homo sapiens,0.09119668
HLA-B*35:01,0,11,GADDDRLFDFA,artificial,Homo sapiens,0
HLA-B*35:01,0,11,APPTLPELECK,artificial,Homo sapiens,0.13527699
HLA-B*35:01,0,11,DSIDYPAAILP,artificial,Homo sapiens,0.2555753
HLA-B*35:01,0,11,AARAEYGVDRI,artificial,Homo sapiens,0.015256549
HLA-A*03:01,0,8,SKAAGDAE,artificial,Homo sapiens,0.042683024
HLA-A*03:01,0,8,ARPSHGFP,artificial,Homo sapiens,0.066822121
HLA-A*03:01,0,8,FTQLARVD,artificial,Homo sapiens,0.160011277
HLA-A*03:01,0,8,ADAQWREV,artificial,Homo sapiens,0.111350161
HLA-A*03:01,0,8,TIGDVLRE,artificial,Homo sapiens,0.067844596
HLA-A*03:01,0,9,FGLTYIYAP,artificial,Homo sapiens,0.064323669
HLA-A*03:01,0,9,AVHPARDHP,artificial,Homo sapiens,0.108255644
HLA-A*03:01,0,9,GDGVSTPSG,artificial,Homo sapiens,0.084939897
HLA-A*03:01,0,9,RDHNREDKT,artificial,Homo sapiens,0
HLA-A*03:01,0,9,LEVLSHTRM,artificial,Homo sapiens,0.062986278
HLA-A*03:01,0,10,GATLNYALGA,artificial,Homo sapiens,0.251386608
HLA-A*03:01,0,10,YWRAALLKLG,artificial,Homo sapiens,0.163744752
HLA-A*03:01,0,10,GIPPGLFDDR,artificial,Homo sapiens,0.148336158
HLA-A*03:01,0,10,PPSYAEPERR,artificial,Homo sapiens,0.125257123
HLA-A*03:01,0,10,ETELAIELAR,artificial,Homo sapiens,0.2190164
HLA-A*03:01,0,11,AAWLGTDLDDK,artificial,Homo sapiens,0.378955883
HLA-A*03:01,0,11,IQVWAEPLLDD,artificial,Homo sapiens,0.080202248
HLA-A*03:01,0,11,LLESVTTATGW,artificial,Homo sapiens,0.111240953
HLA-A*03:01,0,11,GATRLLPLLTR,artificial,Homo sapiens,0.26546665
HLA-A*03:01,0,11,GDAVDPAVVSR,artificial,Homo sapiens,0.238339621
HLA-A*68:01,0,8,TKGLPLSA,artificial,Homo sapiens,0.161764286
HLA-A*68:01,0,8,AGREVTKA,artificial,Homo sapiens,0.101461454
HLA-A*68:01,0,8,LAEVLELD,artificial,Homo sapiens,0.057711446
HLA-A*68:01,0,8,ETRDAVDG,artificial,Homo sapiens,0.242624405
HLA-A*68:01,0,8,ERRGLSKD,artificial,Homo sapiens,0.018195931
HLA-A*68:01,0,9,KVSPALGNA,artificial,Homo sapiens,0.196485997
HLA-A*68:01,0,9,SDRLTTRVP,artificial,Homo sapiens,0.121382229
HLA-A*68:01,0,9,VKHKASAGL,artificial,Homo sapiens,0.045187525
HLA-A*68:01,0,9,RGLGTSTVA,artificial,Homo sapiens,0.153846007
HLA-A*68:01,0,9,PRWLVRTST,artificial,Homo sapiens,0.023073872
HLA-A*68:01,0,10,DQRGILTLIG,artificial,Homo sapiens,0.114446088
HLA-A*68:01,0,10,DSVAEMKNGS,artificial,Homo sapiens,0.241544822
HLA-A*68:01,0,10,FALELPKGAE,artificial,Homo sapiens,0.202587585
HLA-A*68:01,0,10,VVDAATPRAR,artificial,Homo sapiens,0.440357883
HLA-A*68:01,0,10,YPSRVLLSEV,artificial,Homo sapiens,0.378187339
HLA-A*68:01,0,11,MLVPPLGLVLV,artificial,Homo sapiens,0.369404844
HLA-A*68:01,0,11,WLRRSQILRLF,artificial,Homo sapiens,0.209492317
HLA-A*68:01,0,11,PVGPGTAESNT,artificial,Homo sapiens,0.01481739
HLA-A*68:01,0,11,ESTRPDGVLLS,artificial,Homo sapiens,0.238902329
HLA-A*68:01,0,11,PEYLWFIKVTT,artificial,Homo sapiens,0.081072032
HLA-A*01:01,0,8,KIWIALVG,artificial,Homo sapiens,0
HLA-A*01:01,0,8,KPGAAVFK,artificial,Homo sapiens,0.110443841
HLA-A*01:01,0,8,HGVADSDM,artificial,Homo sapiens,0.022138616
HLA-A*01:01,0,8,NLREPTHA,artificial,Homo sapiens,0.060483358
HLA-A*01:01,0,8,GDQCCLDP,artificial,Homo sapiens,0.066708172
HLA-A*01:01,0,9,EWAGLFHHQ,artificial,Homo sapiens,0.088102923
HLA-A*01:01,0,9,PLGRGKRLD,artificial,Homo sapiens,0.037129507
HLA-A*01:01,0,9,GQHHAQEAG,artificial,Homo sapiens,0
HLA-A*01:01,0,9,AFTRGPALL,artificial,Homo sapiens,0.034081431
HLA-A*01:01,0,9,FAVYNSGGG,artificial,Homo sapiens,0.047555406
HLA-A*01:01,0,10,TRRLGALAIG,artificial,Homo sapiens,0.059313325
HLA-A*01:01,0,10,RMMSGARDGT,artificial,Homo sapiens,0.026881884
HLA-A*01:01,0,10,TRHFNNRPMA,artificial,Homo sapiens,0.091428238
HLA-A*01:01,0,10,ILTAADASTD,artificial,Homo sapiens,0.048363176
HLA-A*01:01,0,10,DTTASHGAMH,artificial,Homo sapiens,0.145742201
HLA-A*01:01,0,11,LAQSGAPADSL,artificial,Homo sapiens,0
HLA-A*01:01,0,11,TAAEQFAMVDA,artificial,Homo sapiens,0.073019869
HLA-A*01:01,0,11,LTWRTRVRMVS,artificial,Homo sapiens,0.079050355
HLA-A*01:01,0,11,PDERALRRSSG,artificial,Homo sapiens,0.038681174
HLA-A*01:01,0,11,VAVGASSIDRA,artificial,Homo sapiens,0.06688
HLA-A*24:02,0,8,IDAQRHRP,artificial,Homo sapiens,0.067417517
HLA-A*24:02,0,8,EVCADLDT,artificial,Homo sapiens,0
HLA-A*24:02,0,8,GLGGEDNS,artificial,Homo sapiens,0
HLA-A*24:02,0,8,ALPDTSTG,artificial,Homo sapiens,0.023714159
HLA-A*24:02,0,8,HRELVTYL,artificial,Homo sapiens,0.126307204
HLA-A*24:02,0,9,ELADHQSTR,artificial,Homo sapiens,0
HLA-A*24:02,0,9,APVKNWLTR,artificial,Homo sapiens,0
HLA-A*24:02,0,9,VTYSGAKAP,artificial,Homo sapiens,0
HLA-A*24:02,0,9,TAEAPFMDA,artificial,Homo sapiens,0
HLA-A*24:02,0,9,GETLEARNG,artificial,Homo sapiens,0.084751694
HLA-A*24:02,0,10,EAWGRGYDRI,artificial,Homo sapiens,0.279694352
HLA-A*24:02,0,10,VIPFTISSAA,artificial,Homo sapiens,0.062789385
HLA-A*24:02,0,10,VVQVGRKVII,artificial,Homo sapiens,0.023226374
HLA-A*24:02,0,10,QLGQSDGELI,artificial,Homo sapiens,0
HLA-A*24:02,0,10,RFPVHNPRED,artificial,Homo sapiens,0.123661736
HLA-A*24:02,0,11,ARERVGEVQAN,artificial,Homo sapiens,0
HLA-A*24:02,0,11,RLVHDDRGGHR,artificial,Homo sapiens,0
HLA-A*24:02,0,11,GYGLSILIETV,artificial,Homo sapiens,0.337683751
HLA-A*24:02,0,11,RGNYRERELSD,artificial,Homo sapiens,0.066595445
HLA-A*24:02,0,11,PSPHAWDHGLV,artificial,Homo sapiens,0.077850211
HLA-B*44:02,0,8,GDLRAVLE,artificial,Homo sapiens,0.027576606
HLA-B*44:02,0,8,WEQSRQAA,artificial,Homo sapiens,0.246130142
HLA-B*44:02,0,8,TSAAPVAL,artificial,Homo sapiens,0
HLA-B*44:02,0,8,ELDEAGRS,artificial,Homo sapiens,0.041087446
HLA-B*44:02,0,8,PEAMAVVG,artificial,Homo sapiens,0.098017342
HLA-B*44:02,0,9,CPDEAGRVA,artificial,Homo sapiens,0.092647359
HLA-B*44:02,0,9,QWLAAAART,artificial,Homo sapiens,0
HLA-B*44:02,0,9,ALDRRGTET,artificial,Homo sapiens,0.060559304
HLA-B*44:02,0,9,DMLDAQKTE,artificial,Homo sapiens,0
HLA-B*44:02,0,9,IFLTTYVRP,artificial,Homo sapiens,0
HLA-B*44:02,0,10,VTGILNRYGA,artificial,Homo sapiens,0
HLA-B*44:02,0,10,LTDQEAPSDP,artificial,Homo sapiens,0.02466185
HLA-B*44:02,0,10,IVAGRVEVAH,artificial,Homo sapiens,0.037124558
HLA-B*44:02,0,10,EKGPHQATVR,artificial,Homo sapiens,0.124869688
HLA-B*44:02,0,10,DRPRCLVHGG,artificial,Homo sapiens,0.032542743
HLA-B*44:02,0,11,IPVAHSAIGRL,artificial,Homo sapiens,0
HLA-B*44:02,0,11,GRARATLELLR,artificial,Homo sapiens,0.124518701
HLA-B*44:02,0,11,ADTLFTLEYEV,artificial,Homo sapiens,0.216767243
HLA-B*44:02,0,11,EPTARLRTLRK,artificial,Homo sapiens,0
HLA-B*44:02,0,11,GAALDDEDLAV,artificial,Homo sapiens,0.059747993
HLA-C*06:02,0,8,RSLMDVLA,artificial,Homo sapiens,0.289255197
HLA-C*06:02,0,8,SASVVSYM,artificial,Homo sapiens,0.22081194
HLA-C*06:02,0,8,IAKHDANM,artificial,Homo sapiens,0.176723852
HLA-C*06:02,0,8,DHKTASTE,artificial,Homo sapiens,0.154079718
HLA-C*06:02,0,8,RLSGLAGK,artificial,Homo sapiens,0.078676181
HLA-C*06:02,0,9,EYGGHVFDA,artificial,Homo sapiens,0.063518152
HLA-C*06:02,0,9,GERDIRAQD,artificial,Homo sapiens,0.031814972
HLA-C*06:02,0,9,LLQGEVRIY,artificial,Homo sapiens,0.126345257
HLA-C*06:02,0,9,NIRVHAGEQ,artificial,Homo sapiens,0.101846883
HLA-C*06:02,0,9,PRRTAAGYT,artificial,Homo sapiens,0.147054385
HLA-C*06:02,0,10,HVFPQHASTS,artificial,Homo sapiens,0.123832343
HLA-C*06:02,0,10,MEATVGVFEA,artificial,Homo sapiens,0.226827037
HLA-C*06:02,0,10,SAVCLPARNT,artificial,Homo sapiens,0.160414478
HLA-C*06:02,0,10,PFIGFKDFGM,artificial,Homo sapiens,0.137683755
HLA-C*06:02,0,10,RLRYPWGGAS,artificial,Homo sapiens,0.189936215
HLA-C*06:02,0,11,EGYVAERLLAE,artificial,Homo sapiens,0.187863649
HLA-C*06:02,0,11,DFFGDLRDNNL,artificial,Homo sapiens,0.265049682
HLA-C*06:02,0,11,RAAELDAIGDA,artificial,Homo sapiens,0.177921509
HLA-C*06:02,0,11,TVGFGPRPVEV,artificial,Homo sapiens,0.177774299
HLA-C*06:02,0,11,AAHMAGEVIEA,artificial,Homo sapiens,0.167878632
HLA-C*14:02,0,8,VPTMIREL,artificial,Homo sapiens,0.218361301
HLA-C*14:02,0,8,AKPLTSEP,artificial,Homo sapiens,0.118317419
HLA-C*14:02,0,8,APSRDSPA,artificial,Homo sapiens,0.182515061
HLA-C*14:02,0,8,FPVVPPPF,artificial,Homo sapiens,0.289588961
HLA-C*14:02,0,8,TVHPYRLT,artificial,Homo sapiens,0.126242233
HLA-C*14:02,0,9,ADGDNRDRR,artificial,Homo sapiens,0.035305104
HLA-C*14:02,0,9,DRYVLLATS,artificial,Homo sapiens,0.252644299
HLA-C*14:02,0,9,GFAGLHMAA,artificial,Homo sapiens,0.308421486
HLA-C*14:02,0,9,LPFQETALK,artificial,Homo sapiens,0.132217894
HLA-C*14:02,0,9,SRGALAVAA,artificial,Homo sapiens,0.289843774
HLA-C*14:02,0,10,ETVAGQVRED,artificial,Homo sapiens,0.044899712
HLA-C*14:02,0,10,RRYAQWAELT,artificial,Homo sapiens,0.163688336
HLA-C*14:02,0,10,IRPSDRGVIS,artificial,Homo sapiens,0.216321573
HLA-C*14:02,0,10,IRVEHDLNRR,artificial,Homo sapiens,0.147425653
HLA-C*14:02,0,10,LVPRKGRKPR,artificial,Homo sapiens,0.136333753
HLA-C*14:02,0,11,GSRAAMAAFAL,artificial,Homo sapiens,0.266397196
HLA-C*14:02,0,11,RIDFSAANVKV,artificial,Homo sapiens,0.225764802
HLA-C*14:02,0,11,KVQYVFFTVED,artificial,Homo sapiens,0.096076304
HLA-C*14:02,0,11,RAKEAPFTTIP,artificial,Homo sapiens,0.203818984
HLA-C*14:02,0,11,EPMDTNLTPSL,artificial,Homo sapiens,0.297766213
HLA-B*07:02,0,8,SYHPGYQN,artificial,Homo sapiens,0.013363806
HLA-B*07:02,0,8,PNIRLNRL,artificial,Homo sapiens,0.294384655
HLA-B*07:02,0,8,VRPASPTH,artificial,Homo sapiens,0.050201383
HLA-B*07:02,0,8,ESVYRVRA,artificial,Homo sapiens,0.175367214
HLA-B*07:02,0,8,DADAWVFR,artificial,Homo sapiens,0
HLA-B*07:02,0,9,ARFYRAEVR,artificial,Homo sapiens,0.223089353
HLA-B*07:02,0,9,RQQLAAATT,artificial,Homo sapiens,0.265101776
HLA-B*07:02,0,9,SELTGLVDK,artificial,Homo sapiens,0.118287837
HLA-B*07:02,0,9,DPAGSRWVA,artificial,Homo sapiens,0.325711836
HLA-B*07:02,0,9,SVLHDPRGA,artificial,Homo sapiens,0.204119911
HLA-B*07:02,0,10,DACIGVDGPA,artificial,Homo sapiens,0.185354734
HLA-B*07:02,0,10,YAALAAERRL,artificial,Homo sapiens,0.345133782
HLA-B*07:02,0,10,GGAAAMEPHP,artificial,Homo sapiens,0.105191953
HLA-B*07:02,0,10,AVDTPAALGP,artificial,Homo sapiens,0.000787921
HLA-B*07:02,0,10,VVGKDDLSPG,artificial,Homo sapiens,0.103574694
HLA-B*07:02,0,11,GPAPKRAIPGK,artificial,Homo sapiens,0.215056888
HLA-B*07:02,0,11,TALGGLDTNKV,artificial,Homo sapiens,0.150280915
HLA-B*07:02,0,11,RNLVNTTGAGD,artificial,Homo sapiens,0.068821334
HLA-B*07:02,0,11,QFAFRAEAPKG,artificial,Homo sapiens,0.014204501
HLA-B*07:02,0,11,APERAGEGESE,artificial,Homo sapiens,0.161052022
HLA-B*38:01,0,8,EVGRASSG,artificial,Homo sapiens,0.021048319
HLA-B*38:01,0,8,TFEGDRTD,artificial,Homo sapiens,0.066048238
HLA-B*38:01,0,8,AHETHRFT,artificial,Homo sapiens,0.145749469
HLA-B*38:01,0,8,GIEFGQVY,artificial,Homo sapiens,0
HLA-B*38:01,0,8,ASAGWGVD,artificial,Homo sapiens,0
HLA-B*38:01,0,9,RSRTAGSES,artificial,Homo sapiens,0.096288648
HLA-B*38:01,0,9,DRDRVGANS,artificial,Homo sapiens,0.331941001
HLA-B*38:01,0,9,PRLGKVAFA,artificial,Homo sapiens,0.180821889
HLA-B*38:01,0,9,GRFQEQFDF,artificial,Homo sapiens,0.17592717
HLA-B*38:01,0,9,SWAASTRSP,artificial,Homo sapiens,0.045335329
HLA-B*38:01,0,10,ESTEAATDAA,artificial,Homo sapiens,0.135214459
HLA-B*38:01,0,10,DDGISAADTG,artificial,Homo sapiens,0.03448116
HLA-B*38:01,0,10,WVRSHSGGAV,artificial,Homo sapiens,0.292270162
HLA-B*38:01,0,10,APGGRDVPVF,artificial,Homo sapiens,0.277556861
HLA-B*38:01,0,10,DDEAPGGMIT,artificial,Homo sapiens,0
HLA-B*38:01,0,11,GDYAFSVGLGA,artificial,Homo sapiens,0.055659233
HLA-B*38:01,0,11,EQNRYNGQTAG,artificial,Homo sapiens,0.266116459
HLA-B*38:01,0,11,GAGTPPALLAG,artificial,Homo sapiens,0.078525441
HLA-B*38:01,0,11,AHTVLQVLGYG,artificial,Homo sapiens,0.092303242
HLA-B*38:01,0,11,PRLRVGTGKLE,artificial,Homo sapiens,0.202529648
HLA-B*08:01,0,8,AMFTTNPQ,artificial,Homo sapiens,0.222563194
HLA-B*08:01,0,8,LWAAEDGV,artificial,Homo sapiens,0.137485387
HLA-B*08:01,0,8,LAPRWGEG,artificial,Homo sapiens,0.078637051
HLA-B*08:01,0,8,AFHVSVLV,artificial,Homo sapiens,0.156362187
HLA-B*08:01,0,8,APSDALEV,artificial,Homo sapiens,0.347482824
HLA-B*08:01,0,9,FIKNDRAII,artificial,Homo sapiens,0.380359674
HLA-B*08:01,0,9,DVEEHAWGD,artificial,Homo sapiens,0
HLA-B*08:01,0,9,APEVGYETA,artificial,Homo sapiens,0.331441826
HLA-B*08:01,0,9,AYGLLSPGG,artificial,Homo sapiens,0
HLA-B*08:01,0,9,DYGPDNGHT,artificial,Homo sapiens,0
HLA-B*08:01,0,10,FEEKSGGPEV,artificial,Homo sapiens,0.270304949
HLA-B*08:01,0,10,TPVTIEYGRQ,artificial,Homo sapiens,0.25580874
HLA-B*08:01,0,10,TFVGTLLGET,artificial,Homo sapiens,0.014969831
HLA-B*08:01,0,10,NREAVGQAER,artificial,Homo sapiens,0.224731401
HLA-B*08:01,0,10,EWARAYDGPE,artificial,Homo sapiens,0.243305093
HLA-B*08:01,0,11,AAGSIRAPGKQ,artificial,Homo sapiens,0.188902323
HLA-B*08:01,0,11,VSFELAGHLKE,artificial,Homo sapiens,0.21514454
HLA-B*08:01,0,11,SDAFVVGVTVN,artificial,Homo sapiens,0.002334669
HLA-B*08:01,0,11,DGGRQDDFGLD,artificial,Homo sapiens,0.07594822
HLA-B*08:01,0,11,VPATLYARAMG,artificial,Homo sapiens,0.287662776
HLA-C*08:02,0,8,ALSAEDRG,artificial,Homo sapiens,0
HLA-C*08:02,0,8,LGARAGES,artificial,Homo sapiens,0.099858016
HLA-C*08:02,0,8,VTAQPPGM,artificial,Homo sapiens,0.164433835
HLA-C*08:02,0,8,APEFPNEH,artificial,Homo sapiens,0.062791341
HLA-C*08:02,0,8,EAAREAYA,artificial,Homo sapiens,0.309873174
HLA-C*08:02,0,9,DDVARDKGW,artificial,Homo sapiens,0.00876721
HLA-C*08:02,0,9,VWPQVRRKP,artificial,Homo sapiens,0
HLA-C*08:02,0,9,MFDSPVQHR,artificial,Homo sapiens,0.081857453
HLA-C*08:02,0,9,EGASDAALG,artificial,Homo sapiens,0.128104464
HLA-C*08:02,0,9,DEVGAWKRH,artificial,Homo sapiens,0
HLA-C*08:02,0,10,DGEQPFMVPT,artificial,Homo sapiens,0.242101627
HLA-C*08:02,0,10,PALPELLLAD,artificial,Homo sapiens,0.045959721
HLA-C*08:02,0,10,LVARIGLVQT,artificial,Homo sapiens,0.201182683
HLA-C*08:02,0,10,IVAETGTLVP,artificial,Homo sapiens,0.26951689
HLA-C*08:02,0,10,IRYAEGPEVP,artificial,Homo sapiens,0.21076212
HLA-C*08:02,0,11,RLRPAQSAAAQ,artificial,Homo sapiens,0.085197861
HLA-C*08:02,0,11,EPNRYLNRSGP,artificial,Homo sapiens,0.181533374
HLA-C*08:02,0,11,APPSNRGETSR,artificial,Homo sapiens,0.06351243
HLA-C*08:02,0,11,VLAGNEAAKAV,artificial,Homo sapiens,0.215720012
HLA-C*08:02,0,11,MTDPLVEVLGY,artificial,Homo sapiens,0.252348348
