allele,ic50,immunogenicity,binder,length,peptide,positiveNumber,species,log50k
H-2-Kb,161.89,Major,1,8,NNIFRTNL,8,mouse,0.491213786
H-2-Db,32,Major,1,9,YSQVNKRYI,8,mouse,0.627886883
H-2-Db,3.9,Major,1,9,VGPSNSPTF,8,mouse,0.430724016
H-2-Kb,12,Major,1,8,STLNFNNL,8,mouse,0.664355416
H-2-Kb,0.5,Major,1,9,SIYGFGVTF,8,mouse,0.528669222
H-2-Db,1.37,Major,1,9,SQIVDDDFI,8,mouse,0.413217553
H-2-Db,144.18,Major,1,9,TGPVGQLWM,8,mouse,0.226661276
H-2-Db,133.72,Major,1,10,RTTVTTTSYN,8,mouse,0
H-2-Db,7.18,Major,1,13,SAPMNVDNLIMIV,8,mouse,0.435466192
H-2-Kb,3.56,Major,1,8,VTKYYINL,8,mouse,0.745018833
H-2-Db,0.34,Major,1,9,IGMFNLTFI,8,mouse,0.673143116
H-2-Db,3.85,Major,1,9,FKLILAEYI,8,mouse,0.313809514
H-2-Kb,0.5,Major,1,10,SDLFPSFVRL,8,mouse,0.536114332
H-2-Kb,1.92,Major,1,8,KNYLFNAI,8,mouse,0.703843004
H-2-Kb,0.72,Major,1,12,VISDLFPSFVRL,8,mouse,0.718867526
H-2-Kb,0.5,Major,1,8,LSYIYNML,8,mouse,0.769644428
H-2-Kb,0.5,Major,1,10,ITYRFYLINL,8,mouse,0.908282186
H-2-Kb,8.2,Major,1,8,SIYQYVRL,8,mouse,0.856967885
H-2-Kb,2.7,Major,1,8,KSYNYMLL,8,mouse,0.767056483
H-2-Kb,2.4,Major,1,8,INVEYRFL,8,mouse,0.652063911
H-2-Kb,6.2,Major,1,8,ITYRFYLI,8,mouse,0.841048041
H-2-Kb,0.61,Major,1,9,AAFEFINSL,8,mouse,0.671389858
H-2-Kb,1.1,Major,1,8,TSYKFESV,8,mouse,0.661615991
H-2-Kb,1.2,Major,1,8,SIFRFLNI,8,mouse,0.817513642
H-2-Db,7.3,Major,1,9,FAIKNTDDV,8,mouse,0.59891884
H-2-Kb,0.85,Major,1,9,VIYIFTVRL,8,mouse,0.784407065
H-2-Db,8.4,Major,1,10,YSLPNAGDVI,8,mouse,0.51559813
H-2-Kb,0.84,Major,1,8,LNFRFENV,8,mouse,0.698205641
H-2-Kb,0.5,Major,1,9,SRISRFANL,8,mouse,0.684561148
H-2-Db,1.26,Major,1,10,YSPSNHHILL,8,mouse,0.344429459
H-2-Db,227.91,Major,1,9,SSYTNQTLS,8,mouse,0.266633231
H-2-Db,3.95,Major,1,11,SAPMNVDNLIM,8,mouse,0.479984582
H-2-Db,0.5,Major,1,10,YAHINALEYI,8,mouse,0.709933837
H-2-Kb,2.13,Major,1,9,DLFPSFVRL,8,mouse,0.475868699
H-2-Kb,2.1,Major,1,8,RISRFANL,8,mouse,0.678168355
H-2-Db,21,Major,1,9,NLIRNRDYI,8,mouse,0.567225008
H-2-Kb,34.98,Major,1,9,LGYIIRYPV,8,mouse,0.441318497
H-2-Kb,0.5,Major,1,9,IIIPFIAYF,8,mouse,0.616161997
H-2-Kb,1.24,Major,1,9,SAVDFLERL,8,mouse,0.580504256
H-2-Db,-,Major,1,8,YAPVSPIV,8,mouse,0.101132456
H-2-Db,-,Major,1,9,ASNVNADII,8,mouse,0.517166062
H-2-Db,245.3,Major,1,11,CYSLPNAGDVI,8,mouse,0.139532263
H-2-Db,161.98,Major,1,9,PSIIYSMSI,8,mouse,0.00023697
H-2-Kb,3.11,Major,1,8,TIIEAYNL,7,mouse,0.69146694
H-2-Kb,0.77,Major,1,8,AIVNYANL,7,mouse,0.668078319
H-2-Db,5.9,Major,1,9,YAVINRNVL,7,mouse,0.574558449
H-2-Kb,0.5,Major,1,8,VHIYFVSL,7,mouse,0.592910572
H-2-Db,0.5,Major,1,9,NQMVNTVLI,7,mouse,0.440709746
H-2-Db,3.27,Major,1,10,SAPMNVDNLI,7,mouse,0.469706715
H-2-Kb,6,Major,1,8,YTLIYRQL,7,mouse,0.582438749
H-2-Kb,1.55,Major,1,8,TVYVFPNT,7,mouse,0.666642173
H-2-Db,12,Major,1,9,YSPSNHHIL,7,mouse,0.464872747
H-2-Db,1.4,Major,1,9,YAPVSPIVI,7,mouse,0.358622259
H-2-Db,"40,633.00",Major,1,8,LNYVDYNI,7,mouse,0.05488887
H-2-Db,"1,096.50",Major,1,8,MMINPFMI,7,mouse,0.383562529
H-2-Kb,"1,096.50",Major,1,8,MMINPFMI,7,mouse,0.508828571
H-2-Kb,0.5,Major,1,8,NTYLFNIL,7,mouse,0.606787915
H-2-Db,15,Major,1,9,SMYCSKTFL,7,mouse,0.38646865
H-2-Kb,7.5,Major,1,8,INFEFVCL,7,mouse,0.690771626
H-2-Db,"2,220.00",Major,1,9,NCINNTIAL,7,mouse,0.198027302
H-2-Kb,1.32,Major,1,9,IMFSKSLNF,6,mouse,0.686067316
H-2-Kb,0.91,Major,1,8,MALLFKNL,6,mouse,0.613053784
H-2-Kb,0.5,Major,1,8,VFIDIREL,6,mouse,0.440861149
H-2-Kb,43.34,Major,1,7,FPSFVRL,6,mouse,0.477503872
H-2-Db,2.6,Major,1,9,SAPMNVDNL,6,mouse,0.550536199
H-2-Db,1.73,Major,1,12,SAPMNVDNLIMI,6,mouse,0.500739683
H-2-Kb,1.2,Major,1,9,LMYDIINSV,6,mouse,0.463654284
H-2-Kb,"1,937.00",Major,1,9,EVVEIFKHL,6,mouse,0.436860434
H-2-Db,5.3,Major,1,9,ISVANKIYM,6,mouse,0.481932281
H-2-Kb,0.93,Major,1,8,SVYLHTNL,5,mouse,0.730021956
H-2-Db,0.5,Major,1,9,GSPTNLEFI,5,mouse,0.558311903
H-2-Kb,83.67,Major,1,8,ICVMDLNI,5,mouse,0.257084907
H-2-Db,7.9,Major,1,9,TMMINPFMI,5,mouse,0.545032582
H-2-Kb,0.5,Major,1,9,TIVDFLSRL,5,mouse,0.6774625
H-2-Kb,0.5,Major,1,8,SQYEYTTV,5,mouse,0.630475038
H-2-Db,6.6,Major,1,9,FLMMNKDEL,5,mouse,0.496933073
H-2-Kb,0.94,Major,1,9,VSLDYINTM,5,mouse,0.530151289
H-2-Kb,0.5,Major,1,9,VMVTITQNV,5,mouse,0.352723405
H-2-Db,3.8,Major,1,10,YGVSNFKIGM,5,mouse,0.277167525
H-2-Kb,0.86,Major,1,8,LMYIFAAL,5,mouse,0.822492751
H-2-Db,79.21,Major,1,11,ALPTNEFISFL,5,mouse,0.408161989
H-2-Db,-,Major,1,9,SKWLNPACM,5,mouse,0.290497203
H-2-Kb,96,Major,1,8,KVFSFWLL,5,mouse,0.587164536
H-2-Kb,13,Major,1,8,FIYTYDRV,5,mouse,0.749730857
H-2-Db,3.2,Major,1,9,YMLENIQVM,5,mouse,0.62647962
H-2-Kb,61.67,Minor,0,10,VENNIDFLKD,4,mouse,0.161716179
H-2-Db,"1,189.51",Minor,0,9,LFKNLATSI,4,mouse,0.019335881
H-2-Db,58.34,Minor,0,9,NSIINIAKL,4,mouse,0.389543204
H-2-Kb,1.06,Minor,0,8,TIQRFSSL,4,mouse,0.704212357
H-2-Db,5.33,Minor,0,9,VTIINRDHF,4,mouse,0.425390992
H-2-Db,"9,656.65",Minor,0,9,LYVNNLSLI,4,mouse,0.288157805
H-2-Db,0.5,Minor,0,10,SAPFDSVFYL,4,mouse,0.243093619
H-2-Db,0.79,Minor,0,9,NAVSNKYEL,4,mouse,0.477690675
H-2-Db,14.04,Minor,0,11,APGSPTNLEFI,4,mouse,0.668246277
H-2-Kb,6.9,Minor,0,8,IHYLFRCV,4,mouse,0.535323048
H-2-Db,221,Minor,0,10,VTMINTLEFI,4,mouse,0.491978688
H-2-Kb,"2,578.00",Minor,0,9,FNPSVLKIL,4,mouse,0.327097512
H-2-Db,98.28,Minor,0,10,VNNMRFKIEN,4,mouse,0.006916823
H-2-Db,586.31,Minor,0,11,MRSLIIVLLFP,4,mouse,0.03416831
H-2-Db,40.6,Minor,0,9,FIVLSQAGL,4,mouse,0
H-2-Db,68.09,Minor,0,9,PNTSIKEIK,3,mouse,0
H-2-Db,0.93,Minor,0,9,FQVVNPHLL,3,mouse,0.549389557
H-2-Kb,117,Minor,0,9,FQVVNPHLL,3,mouse,0.240368119
H-2-Kb,"2,080.78",Minor,0,10,ALCTYSMNTI,3,mouse,0.112374661
H-2-Kb,6.81,Minor,0,9,IIAVFDSKL,3,mouse,0.537887219
H-2-Db,1.5,Minor,0,10,FMRTDMLQNM,3,mouse,0.146530805
H-2-Kb,41.01,Minor,0,9,VNIDQTTPM,3,mouse,0.472595283
H-2-Kb,0.5,Minor,0,8,SQYYFSML,3,mouse,0.828530301
H-2-Db,6.33,Minor,0,9,SMYVIPDEL,3,mouse,0.166892128
H-2-Kb,12.12,Minor,0,8,IMIEISNV,3,mouse,0.519876498
H-2-Db,62.98,Minor,0,9,SQGTNPHMI,3,mouse,0.438223793
H-2-Db,0.5,Minor,0,9,IAIVNYANL,3,mouse,0.589795009
H-2-Db,107.58,Minor,0,9,VLFINSIHA,3,mouse,0.230013303
H-2-Kb,2.95,Minor,0,8,TNLEYKTL,3,mouse,0.583155253
H-2-Kb,186.26,Minor,0,8,MITMSAFL,3,mouse,0.465899856
H-2-Db,0.5,Minor,0,9,VTIRNVTHI,3,mouse,0.503070959
H-2-Db,20,Minor,0,9,RMNSNQVCI,3,mouse,0.475142105
H-2-Kb,-,Minor,0,9,LLPSHSTVL,3,mouse,0.30285183
H-2-Db,471.44,Minor,0,9,KYLIIKLLL,3,mouse,0
H-2-Db,-,Minor,0,12,IIDLTGRVRYLT,3,mouse,0
H-2-Db,27.16,Minor,0,11,DIKNLLTACTI,3,mouse,0.084167494
H-2-Db,"8,268.34",Minor,0,8,AQDYDQYI,2,mouse,0
H-2-Db,3.61,Minor,0,9,QSPVNIFKL,2,mouse,0.377307998
H-2-Db,0.5,Minor,0,9,YGIENTDSI,2,mouse,0.614069779
H-2-Db,"17,794.14",Minor,0,8,YIDHIVNI,2,mouse,0
H-2-Kb,13.97,Minor,0,8,SSIRFIAC,2,mouse,0.39414316
H-2-Db,59.04,Minor,0,9,RSTINGEQI,2,mouse,0.39144762
H-2-Kb,297.29,Minor,0,8,LRYLLFGI,2,mouse,0.540271311
H-2-Kb,0.8,Minor,0,8,MSMKYLML,2,mouse,0.721073081
H-2-Kb,1.76,Minor,0,8,EQFTFSNV,2,mouse,0.507683561
H-2-Db,9.98,Minor,0,9,TNVVNISTI,2,mouse,0.456932026
H-2-Db,2.13,Minor,0,11,KTVTNLISETL,2,mouse,0.400784211
H-2-Kb,27.26,Minor,0,9,VNKYFENPL,2,mouse,0.629552255
H-2-Kb,0.5,Minor,0,8,KQYIVATL,2,mouse,0.472518378
H-2-Kb,808.17,Minor,0,8,KCIEYVTL,2,mouse,0.365214195
H-2-Db,73.93,Minor,0,9,NTPNNTTTI,2,mouse,0.351379715
H-2-Db,"1,189.95",Minor,0,8,ITQYLDFL,2,mouse,0.099152521
H-2-Db,"15,482.88",Minor,0,8,LSSIVDAP,2,mouse,0
H-2-Kb,"2,600.16",Minor,0,8,DVTTFLSM,2,mouse,0.322185118
H-2-Db,-,Minor,0,9,WTLDNGHVL,2,mouse,0.263445963
H-2-Kb,-,Minor,0,9,GLLSDHKSN,2,mouse,0.018942148
H-2-Db,-,Minor,0,10,SFLLLTSIPI,2,mouse,0.080963448
H-2-Db,"1,194.00",Minor,0,10,FWFKNTQFDI,2,mouse,0.214043675
H-2-Db,-,Minor,0,9,YSMATARSL,2,mouse,0.233227213
H-2-Db,28,Minor,0,9,FTIQNNTKL,2,mouse,0.454234312
H-2-Db,843.45,Minor,0,13,SPDVLIVVSRHLT,2,mouse,0.089488786
H-2-Db,"66,272.28",Minor,0,8,IVEEYPDD,2,mouse,0
H-2-Db,-,Minor,0,8,YTKPYYGN,2,mouse,0
H-2-Db,0.5,Minor,0,9,STILNSIDI,1,mouse,0.30823591
H-2-Db,17.14,Minor,0,9,NSNINIIHI,1,mouse,0.357558201
H-2-Kb,1.47,Minor,0,8,TIFKYIGL,1,mouse,0.798482179
H-2-Db,0.9,Minor,0,9,VVIKNSDYI,1,mouse,0.62144434
H-2-Db,0.86,Minor,0,9,TSSINLSYI,1,mouse,0.538445914
H-2-Kb,0.5,Minor,0,8,SFIEVISL,1,mouse,0.415403293
H-2-Db,"1,738.53",Minor,0,6,LGPLFK,1,mouse,0
H-2-Db,510.1,Minor,0,9,VGINLVEKI,1,mouse,0.155987677
H-2-Db,7.5,Minor,0,9,FTLINEEML,1,mouse,0.54483331
H-2-Db,9.01,Minor,0,9,KSLVNLEIL,1,mouse,0.531232335
H-2-Db,29.11,Minor,0,9,VGPNNTRSI,1,mouse,0.336088618
H-2-Db,2.48,Minor,0,9,KTVKNVDII,1,mouse,0.328780896
H-2-Db,700.24,Minor,0,10,SNLKHIGNHI,1,mouse,0.039473201
H-2-Db,72.84,Minor,0,11,YAIDVTKVNPL,1,mouse,0.439917858
H-2-Db,78.95,Minor,0,11,NMFAANRDNVA,1,mouse,0
H-2-Db,"51,512.22",Minor,0,8,LSHFYPAV,1,mouse,0
H-2-Db,"2,387.33",Minor,0,12,NLSLGKSPLPSL,1,mouse,0
H-2-Db,302.14,Minor,0,9,SMSQELAEL,1,mouse,0.202949707
H-2-Db,"3,614.10",Minor,0,9,KSIEIAKEL,1,mouse,0.098220583
H-2-Db,28.2,Minor,0,9,FSYLMKDKL,1,mouse,0.282221358
H-2-Db,0.5,Minor,0,9,SAVINNMQI,1,mouse,0.40954811
H-2-Kb,254,Minor,0,9,LVSRNYQML,1,mouse,0.580808326
H-2-Kb,-,Minor,0,9,SVVNVISNL,1,mouse,0.478662037
H-2-Kb,7.8,Minor,0,9,VLLPFYETL,1,mouse,0.594457336
H-2-Db,-,Minor,0,9,VSVMNFIPI,1,mouse,0.541328274
H-2-Kb,490,Minor,0,8,IPLKYIVL,1,mouse,0.463888741
H-2-Kb,465.62,Minor,0,8,KEKSVKFI,1,mouse,0.136883933
H-2-Kb,"16,665.77",Minor,0,10,MGGGVSVELP,1,mouse,0.041963708
H-2-Kb,65.82,Minor,0,8,MDSKETIL,1,mouse,0.197450642
H-2-Kb,268.76,Non,0,9,LQNVMISIL,0,mouse,0.263139622
H-2-Db,7.32,Non,0,9,SGVTHIDPL,0,mouse,0.400783873
H-2-Db,4.99,Non,0,9,GTVVNKEAI,0,mouse,0.297814726
H-2-Db,"9,257.52",Non,0,12,NMFVIDGRFDFL,0,mouse,0.226443405
H-2-Kb,18.47,Non,0,8,KVIGFVSI,0,mouse,0.435379221
H-2-Kb,11.38,Non,0,8,KAIDFSQM,0,mouse,0.451586815
H-2-Kb,552.28,Non,0,8,RQGSSPIL,0,mouse,0.157440426
H-2-Db,42.2,Non,0,9,ISISDAENM,0,mouse,0.274202876
H-2-Db,6.72,Non,0,9,ASLKNFKEL,0,mouse,0.455064503
H-2-Kb,10.64,Non,0,9,SSFTKMAEI,0,mouse,0.547811263
H-2-Db,106.01,Non,0,9,ISIKLTDSL,0,mouse,0.23140341
H-2-Db,0.62,Non,0,9,SMLSNLTNL,0,mouse,0.590034814
H-2-Kb,0.94,Non,0,8,ALYYVHSL,0,mouse,0.485276341
H-2-Kb,4.12,Non,0,9,INYVETKYF,0,mouse,0.46164507
H-2-Kb,"6,292.53",Non,0,11,SITNKADTSSF,0,mouse,0.237661855
H-2-Kb,2.31,Non,0,9,VIYDFLVKT,0,mouse,0.521336601
H-2-Db,61.9,Non,0,9,SGGGNLTEI,0,mouse,0.348245696
H-2-Db,"1,846.14",Non,0,9,STLSVVHEL,0,mouse,0.095489361
H-2-Db,150.33,Non,0,9,IAPRSGLSL,0,mouse,0.246929523
H-2-Db,10.75,Non,0,9,AAIRGNDVI,0,mouse,0.398814437
H-2-Db,110.02,Non,0,11,GIGVQGLADAF,0,mouse,0
H-2-Db,7.93,Non,0,9,TQNVNAAHL,0,mouse,0.383755616
H-2-Kb,4.89,Non,0,9,SSFVKKFGL,0,mouse,0.611165666
H-2-Db,34.88,Non,0,9,LSQQNSDSI,0,mouse,0.607142445
H-2-Kb,2.13,Non,0,8,SQFSYKEL,0,mouse,0.678149723
H-2-Kb,0.5,Non,0,8,VNLAYSKL,0,mouse,0.690245905
H-2-Db,11.15,Non,0,9,VGEINHDLL,0,mouse,0.255024145
H-2-Kb,295.52,Non,0,9,ECKTHASSI,0,mouse,0.100100083
H-2-Db,"12,878.33",Non,0,10,QIETGTPFIL,0,mouse,0
H-2-Db,34.23,Non,0,9,TGINNVQSL,0,mouse,0.432619361
H-2-Db,-,Non,0,10,SSFYNYVMKI,0,mouse,0.313642946
H-2-Kb,7.8,Non,0,8,TSLVFETL,0,mouse,0.531188338
H-2-Kb,-,Non,0,9,VLYNGVNYL,0,mouse,0.5740929
H-2-Kb,45,Non,0,8,STREYLKL,0,mouse,0.512014421
H-2-Db,-,Non,0,10,SQLDNLCTEM,0,mouse,0.323178471
H-2-Db,-,Non,0,10,CSKTVKNVDI,0,mouse,0
H-2-Db,"1,277.00",Non,0,10,TSNVITDQTV,0,mouse,0.029930088
H-2-Db,-,Non,0,9,YGLEINMTI,0,mouse,0.228642206
H-2-Kb,-,Non,0,8,GLYIHYNL,0,mouse,0.640696486
H-2-Kb,-,Non,0,9,SWFDFKSCL,0,mouse,0.66184821
H-2-Kb,-,Non,0,9,PIPYYYLPL,0,mouse,0.654996968
H-2-Kb,-,Non,0,9,LFPDDVQEL,0,mouse,0.328054055
H-2-Db,-,Non,0,9,CAIKALMQL,0,mouse,0.224636477
H-2-Db,-,Non,0,9,IVYKDCAKL,0,mouse,0.027285883
H-2-Db,"1,973.00",Non,0,9,STLSTQEAL,0,mouse,0.124206577
