species,allele,peptide_length,peptide,binder
Homo sapiens,HLA-DRB1*0101,15,YSVYFNLPADTIYTN,1
Homo sapiens,HLA-DRB1*0101,9,WRRAPAPGA,1
Homo sapiens,HLA-DRB1*0101,9,PVTWRRAPA,1
Homo sapiens,HLA-DRB1*0101,15,GELIGILNAAKVPAD,1
Homo sapiens,HLA-DRB1*0101,9,PGSSAARLV,0
Homo sapiens,HLA-DRB1*0101,9,EEGISADDA,0
Homo sapiens,HLA-DRB1*0101,9,INAGNVTVG,0
Homo sapiens,HLA-DRB1*0101,9,VVPLDERTT,0
Homo sapiens,HLA-DRB1*0101,9,PGGAQGITL,0
Homo sapiens,HLA-DRB1*0101,12,RTPVPTCYTLSP,0
Homo sapiens,HLA-DRB1*0101,9,PQVAQLADF,0
Homo sapiens,HLA-DRB1*0101,9,QGFAYSVKA,0
Homo sapiens,HLA-DRB1*0101,9,DDGLDLPSA,0
Homo sapiens,HLA-DRB1*0101,9,VEFGRRPGT,0
Homo sapiens,HLA-DRB1*0101,9,SALFAMFQV,0
Homo sapiens,HLA-DRB1*0101,9,LRAIDRLVP,0
Homo sapiens,HLA-DRB1*0101,9,VDPSTGDRE,0
Homo sapiens,HLA-DRB1*0101,9,GQGTSPLLT,0
Homo sapiens,HLA-DRB1*0101,9,RVNDVDPAT,0
Homo sapiens,HLA-DRB1*0101,9,QVSKHVRRG,0
Homo sapiens,HLA-DRB1*0101,9,KTQPPGADT,0
Homo sapiens,HLA-DRB1*0101,9,GQTYEVNEP,0
Homo sapiens,HLA-DRB1*0101,9,TSYECAPLT,0
Homo sapiens,HLA-DRB1*0101,9,DARAATDGS,0
Homo sapiens,HLA-DRB1*0101,9,PEAVRRRLF,0
Homo sapiens,HLA-DRB1*0101,10,TEALDEDFDR,0
Homo sapiens,HLA-DRB1*0101,10,AQSRGRSMTV,0
Homo sapiens,HLA-DRB1*0101,10,TTPLKRNEVK,0
Homo sapiens,HLA-DRB1*0101,10,FFGCLPDFFW,0
Homo sapiens,HLA-DRB1*0101,11,TPSDGSPASNR,0
Homo sapiens,HLA-DRB1*0101,11,PDPAETEYAAE,0
Homo sapiens,HLA-DRB1*0101,12,SLPPPERGPGTA,0
